{
  "cols": 218,
  "data": {
    "0": [
      1.0,
      1.6666666269302368,
      0.875,
      1.625,
      0.125,
      2.3333332538604736,
      0.25,
      0.3333333432674408,
      0.6666666865348816,
      1.125,
      0.6666666865348816,
      1.5,
      0.5,
      1.0,
      0.875,
      1.0,
      0.5,
      1.0,
      1.5,
      0.0,
      0.625,
      1.375,
      0.375,
      0.6666666865348816,
      0.375,
      1.3333333730697632,
      0.3333333432674408,
      0.5,
      1.6666666269302368,
      0.125,
      1.0,
      1.5,
      0.6666666865348816,
      1.125,
      1.6666666269302368,
      1.375,
      0.3333333432674408,
      1.3333333730697632,
      0.125,
      0.6666666865348816,
      0.25,
      0.125,
      1.875,
      0.3333333432674408,
      0.0,
      0.25,
      0.0,
      0.0,
      0.125,
      0.0,
      1.6666666269302368,
      1.0,
      0.0,
      0.6666666865348816,
      0.3333333432674408,
      1.3333333730697632,
      0.6666666865348816,
      0.3333333432674408,
      0.6666666865348816,
      0.0,
      1.6666666269302368,
      0.375,
      0.3333333432674408,
      0.0,
      0.25,
      0.6666666865348816,
      0.3333333432674408,
      1.3333333730697632,
      0.0,
      0.3333333432674408,
      0.375,
      0.3333333432674408,
      0.25,
      1.125,
      0.5,
      0.125,
      0.25,
      0.625,
      0.5,
      0.0,
      0.5,
      0.25,
      0.0,
      0.375,
      0.625,
      1.0,
      0.0,
      0.125,
      0.875,
      0.875,
      0.125,
      0.0,
      0.0,
      1.5,
      0.375,
      0.375,
      0.375,
      1.375,
      0.625,
      0.0,
      0.375,
      0.375,
      0.25,
      1.0,
      0.875,
      0.25,
      0.25,
      0.375,
      0.875,
      0.25,
      1.25,
      0.375,
      0.75,
      0.125,
      0.0,
      0.25,
      0.0,
      0.875,
      0.625,
      1.375,
      0.125,
      0.875,
      0.75,
      2.0,
      0.75,
      0.375,
      0.375,
      0.375,
      1.125,
      0.875,
      1.25,
      0.5,
      1.125,
      1.625,
      0.625,
      0.375,
      0.625,
      0.875,
      1.625,
      0.125,
      0.375,
      0.125,
      0.25,
      0.75,
      0.75,
      1.0,
      1.75,
      0.875,
      0.75,
      0.75,
      0.875,
      0.25,
      1.625,
      0.25,
      1.125,
      1.5,
      0.5,
      0.75,
      0.5,
      0.125,
      0.25,
      0.0,
      1.625,
      1.5,
      0.125,
      0.25,
      0.375,
      1.375,
      0.25,
      0.5,
      1.25,
      0.25,
      0.625,
      0.375,
      0.75,
      0.5,
      0.5,
      0.875,
      0.375,
      1.5,
      0.875,
      0.75,
      0.625,
      0.125,
      0.375,
      0.5,
      0.625,
      0.125,
      0.375,
      0.375,
      0.25,
      1.0,
      0.25,
      0.375,
      1.125,
      0.375,
      0.625,
      0.125,
      0.25,
      0.5,
      0.125,
      0.875,
      0.125,
      0.25,
      0.625,
      1.25,
      1.875,
      0.125,
      1.625,
      0.5,
      0.25,
      0.375,
      0.875,
      1.375,
      0.125,
      1.0,
      5.0,
      6.0
    ],
    "1": [
      1.8328341245651245,
      0.19741305708885193,
      0.3807670772075653,
      0.9006555080413818,
      0.11974870413541794,
      1.1753510236740112,
      0.1963658630847931,
      1.5050119161605835,
      1.5109037160873413,
      1.9320619106292725,
      0.31545591354370117,
      1.1519758701324463,
      1.8238619565963745,
      2.9977242946624756,
      1.7370867729187012,
      0.8047017455101013,
      0.32784056663513184,
      2.0502192974090576,
      2.666990280151367,
      0.8204448819160461,
      1.5728873014450073,
      2.1032907962799072,
      0.03937043994665146,
      1.405490517616272,
      1.8665493726730347,
      1.3316400051116943,
      1.2706953287124634,
      1.0674731731414795,
      1.934787392616272,
      0.121275395154953,
      1.534604787826538,
      1.7962006330490112,
      1.2124522924423218,
      1.0739983320236206,
      2.649317502975464,
      0.03191600739955902,
      3.039391279220581,
      0.09838119894266129,
      0.9063066840171814,
      1.0444846153259277,
      1.0029271841049194,
      0.5908839106559753,
      0.34575775265693665,
      1.4348706007003784,
      1.7550158500671387,
      2.843488931655884,
      1.2512133121490479,
      0.7371888160705566,
      2.602257490158081,
      0.8255833387374878,
      0.34557095170021057,
      2.3412647247314453,
      1.54336416721344,
      3.0640060901641846,
      1.5829927921295166,
      0.14263573288917542,
      1.4537336826324463,
      0.09529376029968262,
      1.0578948259353638,
      3.042048692703247,
      0.6320109963417053,
      1.1655337810516357,
      1.4708596467971802,
      0.5779069066047668,
      2.6871211528778076,
      1.2668094635009766,
      0.002930145710706711,
      0.7445616126060486,
      0.7317688465118408,
      0.5477009415626526,
      1.628269076347351,
      1.8334983587265015,
      0.625,
      0.375,
      0.25,
      0.625,
      0.125,
      0.25,
      0.125,
      0.625,
      0.25,
      0.125,
      0.125,
      0.125,
      0.125,
      0.125,
      0.125,
      0.125,
      0.5,
      0.25,
      0.25,
      0.375,
      0.375,
      0.125,
      0.125,
      0.125,
      0.125,
      0.25,
      0.0,
      1.0,
      0.25,
      0.5,
      0.375,
      0.5,
      0.0,
      0.0,
      0.875,
      0.5,
      0.25,
      0.0,
      0.75,
      0.125,
      0.75,
      0.625,
      0.375,
      0.625,
      0.25,
      0.25,
      0.375,
      0.125,
      0.125,
      0.125,
      0.125,
      0.5,
      0.125,
      0.25,
      0.125,
      0.25,
      0.125,
      0.375,
      0.5,
      0.625,
      0.25,
      0.25,
      0.5,
      0.875,
      0.25,
      0.375,
      0.125,
      0.125,
      0.125,
      0.125,
      0.25,
      0.25,
      0.625,
      0.125,
      0.25,
      0.125,
      0.25,
      0.0,
      0.875,
      0.0,
      0.125,
      0.25,
      0.25,
      0.125,
      0.125,
      0.25,
      0.125,
      0.25,
      0.0,
      0.0,
      0.0,
      0.875,
      0.375,
      0.25,
      0.75,
      0.25,
      0.625,
      0.375,
      0.125,
      0.875,
      0.25,
      0.25,
      0.0,
      0.625,
      0.375,
      0.25,
      0.75,
      0.625,
      0.125,
      0.125,
      0.125,
      0.375,
      0.875,
      0.125,
      0.875,
      0.25,
      0.125,
      0.125,
      0.25,
      0.125,
      0.25,
      0.25,
      0.25,
      0.5,
      0.75,
      0.0,
      0.25,
      0.375,
      0.25,
      0.125,
      0.625,
      0.125,
      0.625,
      0.375,
      0.125,
      0.0,
      0.125,
      0.75,
      0.125,
      0.375,
      0.125,
      0.375,
      0.375,
      0.25,
      5.0,
      5.0
    ],