{
  "cols": 2,
  "data": {
    "0": [
      0.0,
      0.0
    ],
    "1": [
      0.0,
      1.0
    ],
    "2": [
      0.9999999403953552,
      1.0
    ],
    "3": [
      0.9999999403953552,
      0.0
    ]
  }
}
