{
  "cols": 218,
  "data": {
    "0": [
      0.07000000029802322,
      0.18000000715255737,
      0.18000000715255737,
      0.23000000417232513,
      0.28999999165534973,
      0.3100000023841858,
      0.47999998927116394,
      0.1899999976158142,
      0.6800000071525574,
      0.1599999964237213,
      0.1599999964237213,
      0.5299999713897705,
      0.44999998807907104,
      0.27000001072883606,
      0.009999999776482582,
      0.7400000095367432,
      0.4399999976158142,
      0.49000000953674316,
      0.6299999952316284,
      0.12999999523162842,
      0.11999999731779099,
      0.15000000596046448,
      0.47999998927116394,
      0.2199999988079071,
      0.3199999928474426,
      0.20999999344348907,
      0.019999999552965164,
      0.2800000011920929,
      0.11999999731779099,
      0.0,
      0.05999999865889549,
      0.12999999523162842,
      0.18000000715255737,
      0.38999998569488525,
      0.3799999952316284,
      0.3100000023841858,
      0.23999999463558197,
      0.3700000047683716,
      0.2199999988079071,
      0.550000011920929,
      0.5,
      0.1599999964237213,
      0.10000000149011612,
      0.8199999928474426,
      0.8100000023841858,
      0.17000000178813934,
      0.12999999523162842,
      0.33000001311302185,
      0.36000001430511475,
      0.3799999952316284,
      0.3400000035762787,
      0.2800000011920929,
      0.10999999940395355,
      0.009999999776482582,
      0.44999998807907104,
      0.019999999552965164,
      0.33000001311302185,
      0.17000000178813934,
      0.019999999552965164,
      0.0,
      0.38999998569488525,
      0.20999999344348907,
      0.6399999856948853,
      0.6299999952316284,
      0.03999999910593033,
      0.029999999329447746,
      0.49000000953674316,
      0.18000000715255737,
      0.36000001430511475,
      0.5,
      0.9800000190734863,
      0.75,
      1.059999942779541,
      0.07999999821186066,
      0.25999999046325684,
      0.44999998807907104,
      0.7900000214576721,
      0.3499999940395355,
      0.07999999821186066,
      1.0700000524520874,
      0.0,
      1.059999942779541,
      0.6700000166893005,
      0.07000000029802322,
      0.12999999523162842,
      0.1599999964237213,
      0.8500000238418579,
      1.5199999809265137,
      0.30000001192092896,
      0.05000000074505806,
      1.1399999856948853,
      1.3200000524520874,
      0.25,
      0.20000000298023224,
      0.8299999833106995,
      0.8700000047683716,
      0.14000000059604645,
      1.159999966621399,
      0.11999999731779099,
      0.4000000059604645,
      0.8700000047683716,
      0.30000001192092896,
      1.090000033378601,
      0.20999999344348907,
      0.15000000596046448,
      0.8600000143051147,
      0.7300000190734863,
      0.8199999928474426,
      0.11999999731779099,
      0.7599999904632568,
      0.6100000143051147,
      0.4399999976158142,
      1.6200000047683716,
      0.7799999713897705,
      0.0,
      0.5,
      0.8899999856948853,
      0.5699999928474426,
      0.3700000047683716,
      0.38999998569488525,
      0.07000000029802322,
      0.10999999940395355,
      0.36000001430511475,
      0.8299999833106995,
      0.15000000596046448,
      0.41999998688697815,
      0.4699999988079071,
      0.47999998927116394,
      1.350000023841858,
      0.2199999988079071,
      0.17000000178813934,
      0.15000000596046448,
      0.41999998688697815,
      0.4699999988079071,
      0.14000000059604645,
      0.4699999988079071,
      0.11999999731779099,
      0.25999999046325684,
      0.9900000095367432,
      1.1399999856948853,
      0.5699999928474426,
      0.6100000143051147,
      0.07999999821186066,
      0.07999999821186066,
      0.18000000715255737,
      0.699999988079071,
      0.5400000214576721,
      0.6800000071525574,
      0.27000001072883606,
      1.2699999809265137,
      0.23000000417232513,
      1.149999976158142,
      0.15000000596046448,
      0.029999999329447746,
      0.5299999713897705,
      0.20999999344348907,
      1.340000033378601,
      0.8899999856948853,
      0.05999999865889549,
      0.7300000190734863,
      0.10000000149011612,
      0.009999999776482582,
      0.8100000023841858,
      0.1599999964237213,
      0.28999999165534973,
      0.10999999940395355,
      1.090000033378601,
      0.5600000023841858,
      1.190000057220459,
      0.18000000715255737,
      0.05999999865889549,
      0.17000000178813934,
      0.10999999940395355,
      0.05000000074505806,
      0.36000001430511475,
      1.0,
      0.2800000011920929,
      0.3100000023841858,
      0.5699999928474426,
      0.550000011920929,
      0.9200000166893005,
      0.7099999785423279,
      0.6399999856948853,
      0.05000000074505806,
      1.2999999523162842,
      0.5600000023841858,
      0.3499999940395355,
      0.05999999865889549,
      0.25999999046325684,
      0.9700000286102295,
      0.6399999856948853,
      0.5400000214576721,
      1.5099999904632568,
      0.12999999523162842,
      1.2799999713897705,
      0.3700000047683716,
      0.3100000023841858,
      0.4000000059604645,
      0.07000000029802322,
      0.8799999952316284,
      1.2999999523162842,
      0.9900000095367432,
      0.2800000011920929,
      0.38999998569488525,
      0.7200000286102295,
      1.4199999570846558,
      1.2400000095367432,
      0.41999998688697815,
      1.0399999618530273,
      0.6399999856948853,
      0.6000000238418579,
      0.30000001192092896,
      0.3499999940395355,
      1.2100000381469727,
      0.6000000238418579,
      0.23000000417232513,
      1.0,
      1.0
    ],