{
  "cols": 2,
  "data": [
    [
      0.6666666666666666,
      0.6666666666666666
    ],
    [
      0.0,
      0.6666666666666666
    ],
    [
      0.3333333333333333,
      0.0
    ],
    [
      0.0,
      0.3333333333333333
    ],
    [
      0.0,
      0.0
    ],
    [
      0.3333333333333333,
      0.3333333333333333
    ],
    [
      0.3333333333333333,
      0.6666666666666666
    ],
    [
      0.0,
      1.0
    ],
    [
      0.3333333333333333,
      1.0
    ],
    [
      1.0,
      0.3333333333333333
    ],
    [
      0.6666666666666666,
      0.3333333333333333
    ],
    [
      0.6666666666666666,
      0.0
    ],
    [
      1.0,
      0.0
    ],
    [
      1.0,
      0.6666666666666666
    ],
    [
      0.6666666666666666,
      1.0
    ],
    [
      1.0,
      1.0
    ]
  ],
  "ids": [
    "slice-2",
    "slice-5",
    "slice-15",
    "slice-13",
    "slice-8",
    "slice-14",
    "slice-3",
    "slice-0",
    "slice-1",
    "slice-11",
    "slice-12",
    "slice-9",
    "slice-10",
    "slice-6",
    "slice-4",
    "slice-7"
  ],
  "rows": 16,
  "tree": [
    [
      1,
      9
    ],
    [
      2,
      6
    ],
    [
      3,
      5
    ],
    [
      4,
      -1
    ],
    [
      -1,
      -1
    ],
    [
      -1,
      -1
    ],
    [
      7,
      8
    ],
    [
      -1,
      -1
    ],
    [
      -1,
      -1
    ],
    [
      10,
      13
    ],
    [
      11,
      12
    ],
    [
      -1,
      -1
    ],
    [
      -1,
      -1
    ],
    [
      14,
      15
    ],
    [
      -1,
      -1
    ],
    [
      -1,
      -1
    ]
  ]
}
