{
  "cols": 2,
  "data": [
    [
      0.5,
      1.0
    ],
    [
      0.2,
      0.5555555555555556
    ],
    [
      0.2,
      0.3333333333333333
    ],
    [
      0.0,
      0.2222222222222222
    ],
    [
      0.1,
      0.1111111111111111
    ],
    [
      0.1,
      0.0
    ],
    [
      0.0,
      0.0
    ],
    [
      0.0,
      0.1111111111111111
    ],
    [
      0.2,
      0.1111111111111111
    ],
    [
      0.2,
      0.0
    ],
    [
      0.1,
      0.3333333333333333
    ],
    [
      0.0,
      0.3333333333333333
    ],
    [
      0.1,
      0.2222222222222222
    ],
    [
      0.0,
      0.4444444444444444
    ],
    [
      0.1,
      0.4444444444444444
    ],
    [
      0.2,
      0.2222222222222222
    ],
    [
      0.3,
      0.3333333333333333
    ],
    [
      0.4,
      0.0
    ],
    [
      0.3,
      0.1111111111111111
    ],
    [
      0.3,
      0.0
    ],
    [
      0.3,
      0.2222222222222222
    ],
    [
      0.4,
      0.2222222222222222
    ],
    [
      0.4,
      0.1111111111111111
    ],
    [
      0.4,
      0.3333333333333333
    ],
    [
      0.3,
      0.4444444444444444
    ],
    [
      0.2,
      0.4444444444444444
    ],
    [
      0.4,
      0.4444444444444444
    ],
    [
      0.5,
      0.3333333333333333
    ],
    [
      0.2,
      1.0
    ],
    [
      0.1,
      0.7777777777777778
    ],
    [
      0.1,
      0.5555555555555556
    ],
    [
      0.0,
      0.6666666666666666
    ],
    [
      0.0,
      0.5555555555555556
    ],
    [
      0.0,
      0.7777777777777778
    ],
    [
      0.2,
      0.6666666666666666
    ],
    [
      0.1,
      0.6666666666666666
    ],
    [
      0.1,
      1.0
    ],
    [
      0.1,
      0.8888888888888888
    ],
    [
      0.0,
      0.8888888888888888
    ],
    [
      0.0,
      1.0
    ],
    [
      0.2,
      0.8888888888888888
    ],
    [
      0.2,
      0.7777777777777778
    ],
    [
      0.5,
      0.7777777777777778
    ],
    [
      0.4,
      0.5555555555555556
    ],
    [
      0.3,
      0.6666666666666666
    ],
    [
      0.3,
      0.5555555555555556
    ],
    [
      0.3,
      0.7777777777777778
    ],
    [
      0.4,
      0.7777777777777778
    ],
    [
      0.4,
      0.6666666666666666
    ],
    [
      0.4,
      0.8888888888888888
    ],
    [
      0.3,
      1.0
    ],
    [
      0.3,
      0.8888888888888888
    ],
    [
      0.4,
      1.0
    ],
    [
      0.5,
      0.8888888888888888
    ],
    [
      0.9,
      0.4444444444444444
    ],
    [
      0.8,
      0.0
    ],
    [
      0.5,
      0.2222222222222222
    ],
    [
      0.6,
      0.1111111111111111
    ],
    [
      0.6,
      0.0
    ],
    [
      0.5,
      0.0
    ],
    [
      0.5,
      0.1111111111111111
    ],
    [
      0.7,
      0.1111111111111111
    ],
    [
      0.7,
      0.0
    ],
    [
      0.6,
      0.4444444444444444
    ],
    [
      0.6,
      0.3333333333333333
    ],
    [
      0.6,
      0.2222222222222222
    ],
    [
      0.5,
      0.4444444444444444
    ],
    [
      0.7,
      0.3333333333333333
    ],
    [
      0.7,
      0.2222222222222222
    ],
    [
      0.9,
      0.2222222222222222
    ],
    [
      0.9,
      0.1111111111111111
    ],
    [
      0.8,
      0.1111111111111111
    ],
    [
      0.9,
      0.0
    ],
    [
      0.8,
      0.2222222222222222
    ],
    [
      1.0,
      0.1111111111111111
    ],
    [
      1.0,
      0.0
    ],
    [
      1.0,
      0.2222222222222222
    ],
    [
      0.9,
      0.3333333333333333
    ],
    [
      0.8,
      0.3333333333333333
    ],
    [
      1.0,
      0.4444444444444444
    ],
    [
      1.0,
      0.3333333333333333
    ],
    [
      0.8,
      0.4444444444444444
    ],
    [
      0.7,
      0.6666666666666666
    ],
    [
      0.6,
      0.6666666666666666
    ],
    [
      0.6,
      0.5555555555555556
    ],
    [
      0.5,
      0.5555555555555556
    ],
    [
      0.5,
      0.6666666666666666
    ],
    [
      0.7,
      0.5555555555555556
    ],
    [
      0.7,
      0.4444444444444444
    ],
    [
      0.7,
      0.7777777777777778
    ],
    [
      0.6,
      0.8888888888888888
    ],
    [
      0.6,
      0.7777777777777778
    ],
    [
      0.6,
      1.0
    ],
    [
      0.7,
      1.0
    ],
    [
      0.7,
      0.8888888888888888
    ],
    [
      0.8,
      0.7777777777777778
    ],
    [
      0.9,
      0.6666666666666666
    ],
    [
      0.9,
      0.5555555555555556
    ],
    [
      0.8,
      0.5555555555555556
    ],
    [
      0.8,
      0.6666666666666666
    ],
    [
      1.0,
      0.6666666666666666
    ],
    [
      1.0,
      0.5555555555555556
    ],
    [
      0.9,
      0.8888888888888888
    ],
    [
      0.8,
      0.8888888888888888
    ],
    [
      0.9,
      0.7777777777777778
    ],
    [
      1.0,
      0.8888888888888888
    ],
    [
      1.0,
      0.7777777777777778
    ]
  ],
  "ids": [
    "slice-13",
    "slice-31",
    "slice-22",
    "slice-55",
    "slice-99",
    "slice-105",
    "slice-95",
    "slice-100",
    "slice-89",
    "slice-91",
    "slice-101",
    "slice-62",
    "slice-57",
    "slice-56",
    "slice-54",
    "slice-61",
    "slice-104",
    "slice-76",
    "slice-59",
    "slice-65",
    "slice-58",
    "slice-97",
    "slice-102",
    "slice-94",
    "slice-5",
    "slice-17",
    "slice-23",
    "slice-37",
    "slice-16",
    "slice-64",
    "slice-71",
    "slice-98",
    "slice-3",
    "slice-93",
    "slice-7",
    "slice-75",
    "slice-30",
    "slice-85",
    "slice-38",
    "slice-1",
    "slice-33",
    "slice-73",
    "slice-45",
    "slice-67",
    "slice-25",
    "slice-2",
    "slice-34",
    "slice-40",
    "slice-36",
    "slice-69",
    "slice-39",
    "slice-24",
    "slice-18",
    "slice-66",
    "slice-48",
    "slice-74",
    "slice-103",
    "slice-92",
    "slice-106",
    "slice-90",
    "slice-60",
    "slice-72",
    "slice-86",
    "slice-35",
    "slice-4",
    "slice-96",
    "slice-49",
    "slice-80",
    "slice-19",
    "slice-53",
    "slice-88",
    "slice-68",
    "slice-70",
    "slice-32",
    "slice-77",
    "slice-63",
    "slice-11",
    "slice-43",
    "slice-87",
    "slice-0",
    "slice-51",
    "slice-52",
    "slice-29",
    "slice-20",
    "slice-50",
    "slice-6",
    "slice-12",
    "slice-21",
    "slice-14",
    "slice-8",
    "slice-9",
    "slice-41",
    "slice-46",
    "slice-42",
    "slice-44",
    "slice-10",
    "slice-78",
    "slice-84",
    "slice-47",
    "slice-26",
    "slice-79",
    "slice-82",
    "slice-15",
    "slice-27",
    "slice-83",
    "slice-28",
    "slice-81"
  ],
  "rows": 107,