{
  "cols": 218,
  "data": {
    "0": [
      0.007000000216066837,
      0.05999999865889549,
      0.09799999743700027,
      0.12999999523162842,
      0.0,
      0.0560000017285347,
      0.09000000357627869,
      0.15000000596046448,
      0.0560000017285347,
      0.0,
      0.019999999552965164,
      0.03999999910593033,
      0.0,
      0.0,
      0.014000000432133675,
      0.12999999523162842,
      0.07999999821186066,
      0.07999999821186066,
      0.0,
      0.09000000357627869,
      0.03500000014901161,
      0.12600000202655792,
      0.14000000059604645,
      0.0,
      0.17000000178813934,
      0.07000000029802322,
      0.03999999910593033,
      0.06300000101327896,
      0.11900000274181366,
      0.07000000029802322,
      0.15399999916553497,
      0.16099999845027924,
      0.07699999958276749,
      0.0,
      0.1469999998807907,
      0.12600000202655792,
      0.0,
      0.0,
      0.0,
      0.009999999776482582,
      0.0,
      0.02800000086426735,
      0.11999999731779099,
      0.11900000274181366,
      0.07699999958276749,
      0.041999999433755875,
      0.0,
      0.07000000029802322,
      0.0,
      0.12999999523162842,
      0.014000000432133675,
      0.0,
      0.12999999523162842,
      0.09099999815225601,
      0.0,
      0.1599999964237213,
      0.0,
      0.05000000074505806,
      0.1120000034570694,
      0.11999999731779099,
      0.09099999815225601,
      0.1120000034570694,
      0.14000000059604645,
      0.15399999916553497,
      0.03500000014901161,
      0.009999999776482582,
      0.10499999672174454,
      0.014000000432133675,
      0.07999999821186066,
      0.03999999910593033,
      0.10999999940395355,
      0.1469999998807907,
      2.0,
      7.875,
      0.3333333432674408,
      0.0,
      8.0,
      7.666666507720947,
      2.0,
      8.0,
      0.3333333432674408,
      1.0,
      6.0,
      0.0,
      1.0,
      5.666666507720947,
      4.0,
      4.0,
      5.25,
      0.0,
      6.625,
      4.0,
      5.5,
      2.0,
      4.625,
      3.3333332538604736,
      4.375,
      6.5,
      5.666666507720947,
      6.0,
      4.25,
      7.875,
      6.0,
      7.875,
      1.0,
      0.625,
      4.333333492279053,
      0.875,
      6.0,
      0.3333333432674408,
      7.375,
      2.0,
      5.0,
      7.666666507720947,
      7.75,
      6.5,
      2.0,
      4.333333492279053,
      1.125,
      7.625,
      3.3333332538604736,
      7.0,
      4.0,
      2.6666667461395264,
      1.25,
      2.0,
      5.333333492279053,
      5.75,
      4.0,
      0.0,
      0.0,
      4.0,
      6.5,
      2.0,
      7.25,
      0.3333333432674408,
      6.0,
      0.3333333432674408,
      4.0,
      4.0,
      0.3333333432674408,
      6.666666507720947,
      8.0,
      4.5,
      4.0,
      4.0,
      2.375,
      2.0,
      6.333333492279053,
      1.3333333730697632,
      8.0,
      5.75,
      1.0,
      4.75,
      4.0,
      4.0,
      2.6666667461395264,
      5.125,
      5.625,
      3.3333332538604736,
      2.75,
      6.333333492279053,
      8.0,
      7.0,
      6.333333492279053,
      4.0,
      6.0,
      8.0,
      0.875,
      0.0,
      6.0,
      6.666666507720947,
      7.0,
      5.666666507720947,
      1.6666666269302368,
      1.6666666269302368,
      6.666666507720947,
      4.0,
      8.0,
      3.25,
      4.875,
      2.3333332538604736,
      8.0,
      2.0,
      0.0,
      7.875,
      6.0,
      0.125,
      6.0,
      2.0,
      4.375,
      5.125,
      4.0,
      7.0,
      4.0,
      4.0,
      0.625,
      6.0,
      4.0,
      6.0,
      6.333333492279053,
      6.0,
      5.625,
      6.0,
      4.333333492279053,
      4.0,
      6.0,
      0.125,
      3.3333332538604736,
      2.875,
      2.0,
      4.666666507720947,
      4.875,
      5.0,
      5.333333492279053,
      6.5,
      2.0,
      2.0
    ],
    "1": [
      0.3333333432674408,
      0.3100000023841858,
      0.3100000023841858,
      0.3333333432674408,
      0.07699999958276749,
      0.3333333432674408,
      0.14000000059604645,
      0.0,
      0.2240000069141388,
      0.07999999821186066,
      0.0,
      0.007000000216066837,
      0.25,
      0.24500000476837158,
      0.0,
      0.07000000029802322,
      0.04899999871850014,
      0.019999999552965164,
      0.18199999630451202,
      0.2199999988079071,
      0.27000001072883606,
      0.11999999731779099,
      0.3333333432674408,
      0.1599999964237213,
      0.27300000190734863,
      0.0,
      0.10999999940395355,
      0.0,
      0.25200000405311584,
      0.09799999743700027,
      0.1899999976158142,
      0.0,
      0.12999999523162842,
      0.1889999955892563,
      0.0,
      0.009999999776482582,
      0.25,
      0.24500000476837158,
      0.3333333432674408,
      0.12999999523162842,
      0.25200000405311584,
      0.23999999463558197,
      0.23999999463558197,
      0.3333333432674408,
      0.25999999046325684,
      0.0,
      0.041999999433755875,
      0.0,
      0.1599999964237213,
      0.029999999329447746,
      0.25200000405311584,
      0.2029999941587448,
      0.0,
      0.2800000011920929,
      0.30000001192092896,
      0.27300000190734863,
      0.18000000715255737,
      0.07999999821186066,
      0.12600000202655792,
      0.014000000432133675,
      0.0,
      0.3100000023841858,
      0.03999999910593033,
      0.3333333432674408,
      0.10999999940395355,
      0.20000000298023224,
      0.32899999618530273,
      0.029999999329447746,
      0.18000000715255737,
      0.05999999865889549,
      0.3333333432674408,
      0.06300000101327896,
      7.25,
      1.25,
      3.625,
      4.375,
      9.333333015441895,
      5.5,
      2.0,
      4.0,
      8.0,
      8.125,
      5.375,
      9.0,
      6.333333492279053,
      6.0,
      8.333333015441895,
      8.875,
      0.0,
      2.0,
      6.5,
      4.0,
      2.3333332538604736,
      6.0,
      1.3333333730697632,
      10.0,
      5.666666507720947,
      5.5,
      2.6666667461395264,
      1.3333333730697632,
      2.0,
      2.0,
      8.0,
      5.25,
      8.0,
      1.5,
      1.875,
      0.3333333432674408,
      6.0,
      10.0,
      10.0,
      7.0,
      4.0,
      4.333333492279053,
      2.5,
      7.333333492279053,
      7.75,
      2.0,
      6.75,
      2.0,
      5.25,
      7.625,
      1.375,
      1.3333333730697632,
      2.0,
      2.3333332538604736,
      7.75,
      2.0,
      2.375,
      1.6666666269302368,
      8.0,
      7.0,
      10.0,
      4.0,
      4.25,
      1.6666666269302368,
      4.666666507720947,
      9.0,
      2.0,
      2.0,
      1.75,
      8.0,
      9.125,
      5.25,
      8.0,
      4.333333492279053,
      2.3333332538604736,
      4.333333492279053,
      2.0,
      4.0,
      6.125,
      8.666666984558105,
      2.0,
      8.333333015441895,
      3.0,
      4.0,
      10.0,
      0.0,
      6.0,
      4.0,
      8.0,
      5.375,
      6.375,
      6.0,
      2.0,
      6.0,
      3.625,
      10.0,
      5.0,
      6.0,
      8.5,
      2.0,
      8.0,
      2.0,
      6.0,
      10.0,
      6.666666507720947,
      0.3333333432674408,
      8.0,
      9.333333015441895,
      6.666666507720947,
      4.625,
      5.375,
      2.125,
      8.0,
      4.666666507720947,
      6.75,
      2.0,
      4.0,
      2.0,
      1.0,
      10.0,
      5.75,
      8.875,
      8.0,
      8.125,
      8.0,
      1.625,
      10.0,
      9.75,
      7.333333492279053,
      6.0,
      8.0,
      1.0,
      4.0,
      7.333333492279053,
      2.6666667461395264,
      6.0,
      0.375,
      6.875,
      8.666666984558105,
      2.625,
      6.0,
      9.25,
      3.0,
      9.875,
      2.0,
      2.0
    ],