{
  "cols": 218,
  "data": {
    "0": [
      1.0,
      1.0,
      1.0,
      1.0,
      1.0,
      1.0,
      1.0,
      1.0,
      1.0,
      1.0,
      1.0,
      1.0,
      1.0,
      1.0,
      1.0,
      1.0,
      1.0,
      1.0,
      1.0,
      1.0,
      1.0,
      1.0,
      1.0,
      1.0,
      1.0,
      1.0,
      1.0,
      1.0,
      1.0,
      1.0,
      1.0,
      1.0,
      1.0,
      1.0,
      1.0,
      1.0,
      1.0,
      1.0,
      1.0,
      1.0,
      1.0,
      1.0,
      1.0000001192092896,
      1.000000238418579,
      1.0000003576278687,
      1.0000008344650269,
      1.0000017881393433,
      1.000003695487976,
      1.0000077486038208,
      1.000016212463379,
      1.0000340938568115,
      1.0000715255737305,
      1.000150203704834,
      1.0003154277801514,
      1.0006624460220337,
      1.001391053199768,
      1.002921223640442,
      1.0061345100402832,
      1.0128825902938843,
      1.0270533561706543,
      1.056812047958374,
      1.1193053722381592,
      1.25054132938385,
      1.526136875152588,
      2.1048874855041504,
      3.320263385772705,
      5.87255334854126,
      11.232361793518066,
      22.487960815429688,
      46.124717712402344,
      95.76190185546875,
      200.0,
      1.0,
      1.0,
      1.0,
      1.0,
      1.0,
      1.0,
      1.0,
      1.0,
      1.0,
      1.0,
      1.0,
      1.0,
      1.0,
      1.0,
      1.0,
      1.0,
      1.0,
      1.0,
      1.0,
      1.0,
      1.0,
      1.0,
      1.0,
      1.0,
      1.0,
      1.0,
      1.0,
      1.0,
      1.0,
      1.0,
      1.0,
      1.0,
      1.0,
      1.0,
      1.0,
      1.0,
      1.0,
      1.0,
      1.0,
      1.0,
      1.0,
      1.0,
      1.0,
      1.0,
      1.0,
      1.0,
      1.0,
      1.0,
      1.0,
      1.0,
      1.0,
      1.0,
      1.0,
      1.0,
      1.0,
      1.0,
      1.0,
      1.0,
      1.0,
      1.0,
      1.0,
      1.0,
      1.0,
      1.0,
      1.0,
      1.0,
      1.0,
      1.0,
      1.0,
      1.0,
      1.0,
      1.0,
      1.0,
      1.0,
      1.0,
      1.0,
      1.0,
      1.0,
      1.0,
      1.0,
      1.0000001192092896,
      1.000000238418579,
      1.0000004768371582,
      1.0000009536743164,
      1.000002145767212,
      1.0000044107437134,
      1.000009298324585,
      1.0000194311141968,
      1.0000407695770264,
      1.000085711479187,
      1.0001798868179321,
      1.0003777742385864,
      1.0007933378219604,
      1.0016659498214722,
      1.0034984350204468,
      1.007346749305725,
      1.0154283046722412,
      1.0323994159698486,
      1.0680387020111084,
      1.142881155014038,
      1.3000504970550537,
      1.630105972290039,
      2.0,
      2.0,
      2.0,
      2.0,
      2.0,
      2.0,
      2.0,
      2.0,
      2.0,
      2.0,
      2.0,
      2.0,
      2.0,
      2.0,
      2.0,
      2.0,
      2.0,
      2.0,
      2.0,
      2.0,
      2.0,
      2.0,
      2.0,
      2.0,
      2.0,
      2.0,
      2.0,
      2.0,
      2.0,
      2.0,
      2.0,
      2.0,
      2.0,
      2.0,
      2.0,
      2.0,
      2.0,
      2.0,
      2.0,
      2.0,
      2.0,
      2.0,
      3.0,
      3.0
    ],
    "1": [
      0.10000000149011612,
      0.10000000149011612,
      0.10000000149011612,
      0.10000000149011612,
      0.10000000149011612,
      0.10000000149011612,
      0.10000000149011612,
      0.10000000149011612,
      0.10000000149011612,
      0.10000000149011612,
      0.10000000149011612,
      0.10000000149011612,
      0.10000000149011612,
      0.10000000149011612,
      0.10000000149011612,
      0.10000000149011612,
      0.10000000149011612,
      0.10000000149011612,
      0.10000000149011612,
      0.10000000149011612,
      0.10000000149011612,
      0.10000000149011612,
      0.10000000149011612,
      0.10000000149011612,
      0.10000000149011612,
      0.10000000149011612,
      0.10000000149011612,
      0.10000000149011612,
      0.10000000149011612,
      0.10000000149011612,
      0.10000000149011612,
      0.10000000149011612,
      0.10000000149011612,
      0.10000000149011612,
      0.10000000149011612,
      0.10000000149011612,
      0.10000000894069672,
      0.10000002384185791,
      0.1000000461935997,
      0.10000009834766388,
      0.10000020265579224,
      0.10000043362379074,
      0.10000090301036835,
      0.10000190138816833,
      0.10000398755073547,
      0.10000838339328766,
      0.10001759976148605,
      0.10003696382045746,
      0.10007762163877487,
      0.10016299784183502,
      0.1003422960639,
      0.10071882605552673,
      0.10150952637195587,
      0.1031700149178505,
      0.10665702819824219,
      0.1139797568321228,
      0.1293574869632721,
      0.16165071725845337,
      0.229466512799263,
      0.3718796670436859,
      0.6709473133087158,
      1.2989894151687622,
      2.617877721786499,
      5.387543201446533,
      11.203840255737305,
      23.418066024780273,
      49.067935943603516,
      102.93267059326172,
      216.04859924316406,
      453.5920715332031,
      952.433349609375,
      2000.0,
      0.009999999776482582,
      0.009999999776482582,
      0.009999999776482582,
      0.009999999776482582,
      0.009999999776482582,
      0.009999999776482582,
      0.009999999776482582,
      0.009999999776482582,
      0.009999999776482582,
      0.009999999776482582,
      0.009999999776482582,
      0.009999999776482582,
      0.009999999776482582,
      0.009999999776482582,
      0.009999999776482582,
      0.009999999776482582,
      0.009999999776482582,
      0.009999999776482582,
      0.009999999776482582,
      0.009999999776482582,
      0.009999999776482582,
      0.009999999776482582,
      0.009999999776482582,
      0.009999999776482582,
      0.009999999776482582,
      0.009999999776482582,
      0.009999999776482582,
      0.009999999776482582,
      0.009999999776482582,
      0.009999999776482582,
      0.009999999776482582,
      0.009999999776482582,
      0.009999999776482582,
      0.009999999776482582,
      0.009999999776482582,
      0.009999999776482582,
      0.009999999776482582,
      0.009999999776482582,
      0.009999999776482582,
      0.009999999776482582,
      0.009999999776482582,
      0.009999999776482582,
      0.009999999776482582,
      0.009999999776482582,
      0.009999999776482582,
      0.009999999776482582,
      0.009999999776482582,
      0.009999999776482582,
      0.009999999776482582,
      0.009999999776482582,
      0.009999999776482582,
      0.009999999776482582,
      0.009999999776482582,
      0.009999999776482582,
      0.009999999776482582,
      0.009999999776482582,
      0.009999999776482582,
      0.009999999776482582,
      0.009999999776482582,
      0.009999999776482582,
      0.009999999776482582,
      0.009999999776482582,
      0.009999999776482582,
      0.009999999776482582,
      0.009999999776482582,
      0.009999999776482582,
      0.009999999776482582,
      0.009999999776482582,
      0.009999999776482582,
      0.010000000707805157,
      0.010000000707805157,
      0.010000001639127731,
      0.010000004433095455,
      0.010000008158385754,
      0.0100000174716115,
      0.010000037029385567,
      0.01000007800757885,
      0.01000016275793314,
      0.01000034250319004,
      0.010000718757510185,
      0.01000150851905346,
      0.010003168135881424,
      0.01000665407627821,
      0.010013972409069538,
      0.010029342956840992,
      0.01006161980330944,
      0.01012940239161253,
      0.010271744802594185,
      0.010570663958787918,
      0.011198394000530243,
      0.0125166280195117,
      0.015284919179975986,
      0.02109833061695099,
      0.03330649435520172,
      0.05894363671541214,
      0.11278163641691208,
      0.2258414328098297,
      0.4632669985294342,
      0.961860716342926,
      2.0089075565338135,
      4.207705974578857,
      8.82518196105957,
      14.0,
      14.0,
      14.0,
      14.0,
      14.0,
