{
  "cols": 218,
  "data": {
    "0": [
      1938.0,
      0.3765749931335449,
      0.01883803866803646,
      1.2958483695983887,
      1005.0,
      0.47580766677856445,
      0.0055916812270879745,
      1.5330407619476318,
      1285.0,
      1.4538652896881104,
      0.003444886300712824,
      0.9939701557159424,
      1445.0,
      0.0861361026763916,
      0.018032340332865715,
      0.7176868915557861,
      1478.0,
      1.123720645904541,
      0.009656734764575958,
      0.42839646339416504,
      1460.0,
      1.8327674865722656,
      0.01757746748626232,
      0.3583235740661621,
      1430.0,
      0.3955669403076172,
      0.012955086305737495,
      0.6852383613586426,
      1852.0,
      1.6096827983856201,
      0.005708398763090372,
      1.84690260887146,
      1598.0,
      0.7259161472320557,
      0.0023164749145507813,
      1.236872673034668,
      1431.0,
      0.6521058082580566,
      0.011863989755511284,
      0.6264157295227051,
      1698.0,
      1.053138017654419,
      0.0009610080742277205,
      1.8057949542999268,
      1557.0,
      1.4022326469421387,
      0.0034200167283415794,
      1.3100011348724365,
      1034.0,
      1.2153582572937012,
      0.00015230417193379253,
      1.5764052867889404,
      1875.0,
      1.0899200439453125,
      0.01911740005016327,
      0.48983192443847656,
      1204.0,
      1.2008085250854492,
      0.014139346778392792,
      1.208204746246338,
      1758.0,
      0.562575101852417,
      0.0010087681002914906,
      1.5134553909301758,
      1517.0,
      0.9338243007659912,
      0.004810364451259375,
      0.21779656410217285,
      1575.0,
      1.9126543998718262,
      0.00019335030810907483,
      1.530707597732544,
      0.25,
      0.6666666865348816,
      0.3333333432674408,
      0.3333333432674408,
      0.625,
      1.0,
      1.0,
      0.3333333432674408,
      0.0,
      0.3333333432674408,
      1.0,
      0.6666666865348816,
      1.125,
      0.3333333432674408,
      0.375,
      0.0,
      0.0,
      0.25,
      0.3333333432674408,
      0.875,
      0.375,
      0.375,
      0.6666666865348816,
      0.6666666865348816,
      1.0,
      0.75,
      0.125,
      1.0,
      0.0,
      0.3333333432674408,
      0.6666666865348816,
      0.25,
      1.0,
      0.6666666865348816,
      0.6666666865348816,
      0.0,
      0.5,
      0.3333333432674408,
      1.0,
      0.3333333432674408,
      0.5,
      0.5,
      0.5,
      0.875,
      0.0,
      0.3333333432674408,
      0.6666666865348816,
      0.125,
      0.0,
      0.6666666865348816,
      0.0,
      0.75,
      1.0,
      0.0,
      0.75,
      1.0,
      0.625,
      0.25,
      0.6666666865348816,
      0.0,
      0.375,
      0.3333333432674408,
      0.0,
      0.125,
      0.0,
      1.0,
      1.3333333730697632,
      0.375,
      0.0,
      0.0,
      0.3333333432674408,
      0.5,
      1.0,
      0.25,
      0.25,
      0.6666666865348816,
      0.3333333432674408,
      0.3333333432674408,
      1.0,
      1.0,
      0.875,
      0.625,
      0.25,
      0.0,
      0.875,
      0.875,
      0.3333333432674408,
      0.6666666865348816,
      1.3333333730697632,
      0.625,
      0.75,
      0.375,
      0.375,
      0.0,
      0.6666666865348816,
      0.6666666865348816,
      0.3333333432674408,
      0.125,
      0.125,
      0.6666666865348816,
      0.125,
      0.0,
      0.6666666865348816,
      1.0,
      0.75,
      0.0,
      0.3333333432674408,
      0.5,
      0.3333333432674408,
      0.3333333432674408,
      0.0,
      0.5,
      0.3333333432674408,
      0.3333333432674408,
      0.6666666865348816,
      0.5,
      0.5,
      1.125,
      0.375,
      1.0,
      0.0,
      0.75,
      0.3333333432674408,
      0.5,
      0.6666666865348816,
      1.0,
      0.6666666865348816,
      0.6666666865348816,
      1.3333333730697632,
      0.375,
      0.5,
      1.0,
      0.375,
      0.0,
      1.3333333730697632,
      0.375,
      1.3333333730697632,
      1.0,
      0.3333333432674408,
      0.125,
      1.3333333730697632,
      0.25,
      1.0,
      0.0,
      0.0,
      0.0
    ],