{
  "cols": 218,
  "data": {
    "0": [
      0.3333333432674408,
      1.125,
      0.6666666865348816,
      0.6666666865348816,
      0.875,
      0.25,
      0.875,
      0.3333333432674408,
      1.125,
      0.6666666865348816,
      0.125,
      0.75,
      0.3333333432674408,
      1.25,
      0.3333333432674408,
      0.3333333432674408,
      0.6666666865348816,
      0.3333333432674408,
      0.5,
      0.3333333432674408,
      0.375,
      0.3333333432674408,
      0.3333333432674408,
      1.375,
      0.3333333432674408,
      0.0,
      0.75,
      1.0,
      0.875,
      0.3333333432674408,
      0.625,
      0.75,
      0.3333333432674408,
      0.0,
      0.375,
      0.375,
      1.375,
      0.6666666865348816,
      0.0,
      0.625,
      0.25,
      0.6666666865348816,
      0.375,
      1.25,
      1.0,
      0.25,
      0.75,
      0.6666666865348816,
      0.3333333432674408,
      0.6666666865348816,
      0.875,
      1.3333333730697632,
      0.25,
      0.3333333432674408,
      0.625,
      0.125,
      0.25,
      0.6666666865348816,
      0.25,
      0.0,
      0.25,
      0.75,
      0.0,
      0.6666666865348816,
      0.6666666865348816,
      0.25,
      0.0,
      0.75,
      1.0,
      0.625,
      1.0,
      0.5,
      0.625,
      0.75,
      0.125,
      0.0,
      0.0,
      0.25,
      0.6666666865348816,
      1.3333333730697632,
      0.875,
      0.0,
      0.3333333432674408,
      1.0,
      0.0,
      0.375,
      0.6666666865348816,
      0.75,
      0.625,
      0.6666666865348816,
      0.0,
      0.75,
      0.875,
      0.625,
      1.0,
      0.0,
      0.6666666865348816,
      0.3333333432674408,
      1.25,
      0.3333333432674408,
      0.875,
      0.3333333432674408,
      0.0,
      1.375,
      0.6666666865348816,
      0.3333333432674408,
      1.0,
      0.125,
      0.3333333432674408,
      0.0,
      1.125,
      0.3333333432674408,
      0.875,
      0.6666666865348816,
      0.625,
      0.0,
      0.25,
      0.0,
      0.75,
      0.0,
      0.0,
      0.3333333432674408,
      0.625,
      0.0,
      0.3333333432674408,
      0.25,
      0.5,
      1.125,
      0.3333333432674408,
      0.3333333432674408,
      0.3333333432674408,
      0.0,
      0.3333333432674408,
      0.25,
      0.625,
      0.5,
      0.375,
      0.0,
      0.625,
      0.0,
      1.0,
      1.0,
      0.375,
      0.6666666865348816,
      0.3333333432674408,
      0.0,
      0.6666666865348816,
      0.3333333432674408,
      1.0,
      0.75,
      1.0,
      0.375,
      0.0,
      1.0,
      0.0,
      0.3333333432674408,
      1.0,
      0.3333333432674408,
      1.0,
      0.625,
      0.6666666865348816,
      0.0,
      1.0,
      0.75,
      0.125,
      0.6666666865348816,
      0.25,
      0.3333333432674408,
      1.0,
      0.625,
      0.625,
      0.25,
      0.75,
      0.625,
      0.0,
      0.3333333432674408,
      0.0,
      1.3333333730697632,
      1.0,
      0.5,
      0.625,
      0.875,
      0.25,
      0.5,
      0.5,
      0.6666666865348816,
      1.3333333730697632,
      0.3333333432674408,
      0.6666666865348816,
      0.3333333432674408,
      0.6666666865348816,
      0.0,
      0.6666666865348816,
      0.0,
      0.375,
      0.5,
      1.0,
      1.3333333730697632,
      0.5,
      0.3333333432674408,
      0.6666666865348816,
      1.125,
      0.3333333432674408,
      0.3333333432674408,
      0.25,
      0.5,
      0.875,
      0.75,
      0.125,
      0.125,
      1.125,
      0.3333333432674408,
      0.125,
      0.875,
      0.25,
      0.0,
      0.0,
      0.0
    ],
    "1": [
      1.0,
      2.125,
      0.375,
      2.125,
      1.0,
      0.6666666865348816,
      0.75,
      1.625,
      0.0,
      0.6666666865348816,
      1.3333333730697632,
      0.0,
      2.125,
      0.3333333432674408,
      2.0,
      1.6666666269302368,
      0.0,
      0.3333333432674408,
      0.0,
      0.0,
      1.0,
      1.125,
      0.5,
      1.0,
      2.0,
      2.0,
      1.0,
      0.125,
      1.25,
      1.0,
      1.0,
      0.5,
      1.0,
      0.375,
      1.0,
      0.0,
      0.6666666865348816,
      0.0,
      1.5,
      0.5,
      1.3333333730697632,
      1.0,
      0.0,
      1.125,
      1.3333333730697632,
      1.375,
      1.0,
      0.0,
      2.0,
      1.0,
      0.625,
      0.25,
      0.6666666865348816,
      0.875,
      0.375,
      2.0,
      1.0,
      1.375,
      2.0,
      0.3333333432674408,
      0.6666666865348816,
      0.6666666865348816,
      2.0,
      0.0,
      1.0,
      1.0,
      0.25,
      2.0,
      0.6666666865348816,
      2.0,
      0.0,
      0.0,
      0.0,
      0.0,
      1.0,
      1.0,
      1.875,
      0.0,
      0.0,
      0.0,
      1.0,
      0.0,
      0.0,
      1.3333333730697632,
      1.75,
      1.3333333730697632,
      1.0,
      1.6666666269302368,
      1.6666666269302368,
      0.0,
      1.375,
      1.6666666269302368,
      0.0,
      0.0,
      0.125,
      0.3333333432674408,
      0.3333333432674408,
      0.875,
      0.6666666865348816,
      1.0,
      1.6666666269302368,
      1.0,
      0.6666666865348816,
      0.0,
      0.0,
      3.0,
      0.125,
      0.0,
      0.0,
      0.0,
      0.3333333432674408,
      0.125,
      0.25,
      0.6666666865348816,
      0.5,
      1.3333333730697632,
      0.0,
      0.3333333432674408,
      1.625,
      0.0,
      1.0,
      0.75,
      0.0,
      0.125,
      0.0,
      1.75,
      1.625,
      1.6666666269302368,
      0.875,
      1.6666666269302368,
      0.625,
      0.0,
      0.125,
      0.0,
      0.0,
      0.0,
      0.0,
      0.375,
      0.3333333432674408,
      0.0,
      0.0,
      0.3333333432674408,
      0.3333333432674408,
      0.75,
      1.0,
      0.3333333432674408,
      3.0,
      2.0,
      0.0,
      0.625,
      1.3333333730697632,
      0.0,
      0.0,
      0.0,
      0.625,
      0.0,
      1.375,
      0.75,
      1.0,
      0.0,
      0.6666666865348816,
      0.0,
      0.625,
      0.0,
      0.3333333432674408,
      0.0,
      3.0,
      0.5,
      1.875,
      1.125,
      0.3333333432674408,
      0.125,
      0.625,
      0.25,
      1.125,
      0.6666666865348816,
      0.25,
      1.375,
      0.0,
      0.6666666865348816,
      0.75,
      0.0,
      0.375,
      0.0,
      1.0,
      0.0,
      1.625,
      1.0,
      0.0,
      1.3333333730697632,
      0.3333333432674408,
      0.0,
      0.3333333432674408,
      2.0,
      0.0,
      0.0,
      0.0,
      0.0,
      0.0,
      1.625,
      1.6666666269302368,
      0.6666666865348816,
      0.125,
      0.0,
      0.6666666865348816,
      1.0,
      0.3333333432674408,
      0.0,
      2.375,
      0.0,
      0.0,
      1.375,
      0.75,
      0.0,
      0.625,
      0.125,
      0.0,
      0.0
    ],