{
  "cols": 218,
  "data": {
    "0": [
      25.081968307495117,
      1.5568819046020508,
      0.10828588157892227,
      0.0,
      31.613693237304688,
      1.4842994213104248,
      0.11737494170665741,
      0.0,
      4.795446395874023,
      1.63120436668396,
      0.001915407134220004,
      0.0,
      58.86676788330078,
      0.7763783931732178,
      0.0003900051233358681,
      0.0,
      69.00021362304688,
      0.5190873146057129,
      0.008518433198332787,
      0.0,
      67.10604858398438,
      1.0809268951416016,
      0.1680600345134735,
      0.0,
      33.82910919189453,
      1.274383544921875,
      0.09978616237640381,
      0.0,
      47.255287170410156,
      1.0282156467437744,
      0.08406169712543488,
      0.0,
      65.35264587402344,
      0.001935720443725586,
      0.10680034011602402,
      0.0,
      43.39771270751953,
      1.621737003326416,
      0.1655128300189972,
      0.0,
      39.42927551269531,
      0.16703104972839355,
      0.10083723068237305,
      0.0,
      17.629432678222656,
      0.8178231716156006,
      0.04182939603924751,
      0.0,
      78.5582275390625,
      1.80466890335083,
      0.052611470222473145,
      0.0,
      30.556764602661133,
      0.3585782051086426,
      0.13654837012290955,
      0.0,
      77.46054077148438,
      0.9843909740447998,
      0.05600159242749214,
      0.0,
      77.5302734375,
      1.7316038608551025,
      0.13765010237693787,
      0.0,
      72.04530334472656,
      1.965193510055542,
      0.08980973064899445,
      0.0,
      74.064453125,
      1.654456377029419,
      0.19250920414924622,
      0.0,
      0.0,
      0.4000000059604645,
      0.8999999761581421,
      0.5,
      0.699999988079071,
      0.8999999761581421,
      0.10000000149011612,
      0.30000001192092896,
      0.30000001192092896,
      0.699999988079071,
      0.10000000149011612,
      0.4000000059604645,
      0.10000000149011612,
      0.30000001192092896,
      0.10000000149011612,
      0.20000000298023224,
      0.4000000059604645,
      0.10000000149011612,
      0.10000000149011612,
      0.20000000298023224,
      0.4000000059604645,
      0.30000001192092896,
      0.699999988079071,
      0.5,
      0.4000000059604645,
      0.4000000059604645,
      0.30000001192092896,
      0.699999988079071,
      0.5,
      0.20000000298023224,
      0.30000001192092896,
      0.4000000059604645,
      0.10000000149011612,
      0.800000011920929,
      0.20000000298023224,
      0.6000000238418579,
      0.6000000238418579,
      0.30000001192092896,
      0.30000001192092896,
      0.0,
      0.5,
      0.5,
      0.10000000149011612,
      0.30000001192092896,
      0.4000000059604645,
      0.0,
      0.10000000149011612,
      0.6000000238418579,
      0.30000001192092896,
      0.0,
      0.5,
      0.20000000298023224,
      0.30000001192092896,
      0.20000000298023224,
      0.4000000059604645,
      0.5,
      0.30000001192092896,
      0.0,
      0.4000000059604645,
      0.800000011920929,
      0.6000000238418579,
      0.5,
      0.20000000298023224,
      0.4000000059604645,
      0.20000000298023224,
      0.10000000149011612,
      0.800000011920929,
      0.8999999761581421,
      0.699999988079071,
      0.800000011920929,
      0.10000000149011612,
      0.699999988079071,
      0.30000001192092896,
      0.20000000298023224,
      0.0,
      0.20000000298023224,
      0.20000000298023224,
      0.20000000298023224,
      0.20000000298023224,
      0.699999988079071,
      0.10000000149011612,
      0.5,
      0.699999988079071,
      0.699999988079071,
      0.5,
      0.20000000298023224,
      0.10000000149011612,
      0.4000000059604645,
      0.0,
      0.5,
      0.10000000149011612,
      0.6000000238418579,
      0.20000000298023224,
      0.699999988079071,
      0.4000000059604645,
      0.30000001192092896,
      0.30000001192092896,
      0.30000001192092896,
      0.30000001192092896,
      0.6000000238418579,
      0.10000000149011612,
      0.0,
      0.20000000298023224,
      0.6000000238418579,
      0.20000000298023224,
      0.800000011920929,
      0.4000000059604645,
      0.4000000059604645,
      0.0,
      0.30000001192092896,
      0.800000011920929,
      0.6000000238418579,
      0.6000000238418579,
      0.20000000298023224,
      0.20000000298023224,
      0.10000000149011612,
      0.30000001192092896,
      0.4000000059604645,
      0.4000000059604645,
      0.5,
      0.0,
      0.30000001192092896,
      0.10000000149011612,
      0.20000000298023224,
      0.10000000149011612,
      0.10000000149011612,
      0.10000000149011612,
      0.30000001192092896,
      0.10000000149011612,
      0.699999988079071,
      0.10000000149011612,
      0.4000000059604645,
      0.0,
      0.10000000149011612,
      0.6000000238418579,
      0.20000000298023224,
      0.20000000298023224,
      0.20000000298023224,
      0.6000000238418579,
      0.5,
      0.4000000059604645,
      0.30000001192092896,
      0.20000000298023224,
      0.30000001192092896,
      1.0,
      1.0
    ],