{
  "cols": 218,
  "data": {
    "0": [
      1.2999999523162842,
      1.2999999523162842,
      0.0,
      1.100000023841858,
      1.100000023841858,
      0.6666666865348816,
      0.3333333432674408,
      0.699999988079071,
      0.699999988079071,
      0.0,
      0.0,
      0.0,
      0.3333333432674408,
      0.699999988079071,
      0.699999988079071,
      1.0,
      1.3333333730697632,
      0.800000011920929,
      1.0,
      1.2999999523162842,
      0.699999988079071,
      1.399999976158142,
      0.0,
      1.2999999523162842,
      0.3333333432674408,
      0.699999988079071,
      1.2000000476837158,
      1.0,
      0.6000000238418579,
      1.2000000476837158,
      0.3333333432674408,
      0.6666666865348816,
      1.399999976158142,
      0.6000000238418579,
      0.5,
      1.0,
      1.399999976158142,
      0.699999988079071,
      1.100000023841858,
      0.699999988079071,
      0.699999988079071,
      1.399999976158142,
      1.399999976158142,
      1.399999976158142,
      0.0,
      0.6000000238418579,
      0.4000000059604645,
      0.699999988079071,
      0.30000001192092896,
      0.0,
      0.3333333432674408,
      0.5,
      1.2999999523162842,
      0.4000000059604645,
      1.5,
      0.0,
      0.699999988079071,
      1.399999976158142,
      1.0,
      0.0,
      0.3333333432674408,
      1.399999976158142,
      0.0,
      0.0,
      1.3333333730697632,
      0.699999988079071,
      0.6000000238418579,
      0.6666666865348816,
      0.6666666865348816,
      0.3333333432674408,
      0.0,
      1.399999976158142,
      0.0,
      1.0,
      0.875,
      0.5,
      0.0,
      0.0,
      0.0,
      0.6666666865348816,
      0.0,
      1.0,
      0.6666666865348816,
      0.0,
      0.3333333432674408,
      0.0,
      1.125,
      0.375,
      0.6666666865348816,
      0.0,
      0.0,
      0.0,
      0.75,
      0.375,
      0.0,
      1.0,
      0.25,
      0.0,
      2.0,
      0.5,
      0.6666666865348816,
      0.0,
      0.0,
      0.0,
      0.3333333432674408,
      0.5,
      0.6666666865348816,
      0.0,
      0.3333333432674408,
      0.875,
      0.0,
      0.0,
      0.0,
      0.5,
      0.3333333432674408,
      0.25,
      1.125,
      0.0,
      0.75,
      0.0,
      0.3333333432674408,
      0.125,
      0.375,
      0.6666666865348816,
      0.0,
      0.75,
      1.0,
      0.6666666865348816,
      0.5,
      2.0,
      1.0,
      0.0,
      0.3333333432674408,
      0.875,
      0.6666666865348816,
      0.0,
      0.0,
      1.0,
      1.125,
      0.5,
      0.6666666865348816,
      0.625,
      0.0,
      0.0,
      0.5,
      0.6666666865348816,
      0.0,
      0.0,
      0.375,
      0.5,
      0.75,
      0.3333333432674408,
      0.6666666865348816,
      0.6666666865348816,
      0.0,
      1.0,
      0.6666666865348816,
      1.3333333730697632,
      0.0,
      0.0,
      0.0,
      1.0,
      0.6666666865348816,
      0.3333333432674408,
      2.0,
      2.0,
      0.5,
      0.0,
      0.0,
      0.0,
      2.0,
      0.0,
      0.0,
      0.6666666865348816,
      0.75,
      0.0,
      0.875,
      1.0,
      2.0,
      0.3333333432674408,
      0.3333333432674408,
      0.625,
      0.6666666865348816,
      0.6666666865348816,
      0.0,
      0.25,
      0.75,
      0.3333333432674408,
      2.0,
      0.0,
      1.0,
      0.0,
      1.3333333730697632,
      0.0,
      0.3333333432674408,
      1.0,
      0.0,
      1.0,
      1.0,
      0.875,
      1.125,
      0.0,
      0.5,
      1.0,
      0.0,
      1.0,
      1.0,
      0.0,
      0.25,
      0.6666666865348816,
      1.0,
      0.5,
      0.0,
      0.0,
      0.0,
      0.0,
      0.0,
      1.0
    ],
    "1": [
      9.640000343322754,
      3.0799999237060547,
      0.009999999776482582,
      6.922999858856201,
      9.4399995803833,
      5.666666507720947,
      1.840000033378601,
      9.8100004196167,
      3.2760000228881836,
      1.7430000305175781,
      7.510000228881836,
      1.0499999523162842,
      4.010000228881836,
      0.6579999923706055,
      1.7300000190734863,
      1.6666666269302368,
      2.0,
      7.0,
      5.901000022888184,
      2.0,
      1.6666666269302368,
      4.019999980926514,
      2.7699999809265137,
      1.4559999704360962,
      2.3333332538604736,
      0.6666666865348816,
      7.800000190734863,
      8.918000221252441,
      6.159999847412109,
      1.378999948501587,
      1.7999999523162842,
      4.557000160217285,
      10.300000190734863,
      6.289999961853027,
      4.333333492279053,
      1.2669999599456787,
      1.0299999713897705,
      4.0,
      7.840000152587891,
      3.609999895095825,
      7.333333492279053,
      8.333333015441895,
      4.01800012588501,
      8.925000190734863,
      6.333333492279053,
      8.281000137329102,
      5.684000015258789,
      2.3333332538604736,
      10.052000045776367,
      9.770000457763672,
      9.010000228881836,
      5.119999885559082,
      0.4129999876022339,
      9.0,
      1.6169999837875366,
      2.6666667461395264,
      1.0920000076293945,
      5.0,
      0.25999999046325684,
      2.3519999980926514,
      10.114999771118164,
      4.388999938964844,
      4.955999851226807,
      2.877000093460083,
      2.0,
      0.6666666865348816,
      5.666666507720947,
      1.3333333730697632,
      7.289999961853027,
      5.9079999923706055,
      3.9100000858306885,
      4.85099983215332,
      0.875,
      0.0,
      0.3333333432674408,
      0.375,
      0.6666666865348816,
      0.5,
      0.3333333432674408,
      0.3333333432674408,
      0.0,
      0.75,
      0.0,
      0.625,
      0.6666666865348816,
      0.75,
      0.125,
      0.3333333432674408,
      0.0,
      0.3333333432674408,
      0.125,
      0.5,
      0.0,
      0.3333333432674408,
      0.375,
      0.125,
      0.375,
      0.125,
      0.3333333432674408,
      0.75,
      0.0,
      0.625,
      0.0,
      0.375,
      0.0,
      0.6666666865348816,
      0.0,
      0.3333333432674408,
      0.0,
      0.6666666865348816,
      0.6666666865348816,
      0.375,
      0.375,
      0.6666666865348816,
      0.0,
      1.0,
      0.0,
      0.6666666865348816,
      0.0,
      0.0,
      0.3333333432674408,
      0.0,
      0.3333333432674408,
      0.125,
      0.0,
      0.0,
      0.875,
      0.875,
      0.0,
      0.0,
      0.0,
      0.0,
      1.0,
      0.0,
      0.3333333432674408,
      0.25,
      0.6666666865348816,
      0.0,
      0.25,
      0.875,
      0.0,
      1.0,
      0.3333333432674408,
      0.5,
      0.6666666865348816,
      0.6666666865348816,
      0.5,
      0.6666666865348816,
      0.0,
      0.75,
      0.25,
      0.0,
      0.0,
      0.0,
      0.0,
      0.0,
      0.0,
      0.6666666865348816,
      0.0,
      0.6666666865348816,
      0.0,
      0.0,
      0.0,
      0.0,
      0.25,
      0.6666666865348816,
      0.3333333432674408,
      1.0,
      0.5,
      0.0,
      0.0,
      0.6666666865348816,
      0.0,
      0.6666666865348816,
      0.6666666865348816,
      0.3333333432674408,
      0.125,
      0.0,
      0.25,
      0.5,
      0.0,
      0.0,
      0.875,
      0.0,
      0.25,
      0.75,
      0.6666666865348816,
      0.0,
      0.5,
      0.125,
      0.0,
      0.0,
      0.3333333432674408,
      0.0,
      0.0,
      0.0,
      0.125,
      0.3333333432674408,
      0.0,
      0.0,
      0.875,
      0.0,
      0.3333333432674408,
      0.5,
      0.875,
      0.0,
      0.6666666865348816,
      0.0,
      0.6666666865348816,
      0.3333333432674408,
      0.3333333432674408,
      0.0,
      0.3333333432674408,
      0.625,
      0.875,
      0.375,
      0.0,
      1.0
    ],