{
  "cols": 218,
  "data": {
    "0": [
      5.5,
      5.5,
      5.5,
      5.5,
      5.5,
      5.5,
      5.5,
      5.5,
      5.5,
      5.5,
      5.5,
      5.5,
      5.5,
      5.5,
      5.5,
      5.5,
      5.5,
      5.5,
      5.5,
      5.5,
      5.5,
      5.5,
      5.5,
      5.5,
      5.5,
      5.5,
      5.5,
      5.5,
      5.5,
      5.5,
      5.5,
      5.5,
      5.5,
      5.5,
      5.500000476837158,
      5.500000476837158,
      5.500000953674316,
      5.500000953674316,
      5.500001907348633,
      5.500003337860107,
      5.50000524520874,
      5.5000081062316895,
      5.50001335144043,
      5.500021457672119,
      5.500034332275391,
      5.50005578994751,
      5.5000901222229,
      5.500145435333252,
      5.500235557556152,
      5.5003814697265625,
      5.500617027282715,
      5.500998020172119,
      5.501615047454834,
      5.502613544464111,
      5.504228591918945,
      5.506841659545898,
      5.511070251464844,
      5.5179123878479,
      5.528982639312744,
      5.5468950271606445,
      5.575877666473389,
      5.622772216796875,
      5.698649883270264,
      5.821422100067139,
      6.020071983337402,
      6.341494083404541,
      6.861566066741943,
      7.703060150146484,
      9.064626693725586,
      11.26768684387207,
      14.832313537597656,
      20.600000381469727,
      10.0,
      10.0,
      10.0,
      10.0,
      10.0,
      10.0,
      10.0,
      10.0,
      10.0,
      10.0,
      10.0,
      10.0,
      10.0,
      10.0,
      10.0,
      10.0,
      10.0,
      10.0,
      10.0,
      10.0,
      10.0,
      10.0,
      10.0,
      10.0,
      10.0,
      10.0,
      10.0,
      10.0,
      10.0,
      10.0,
      10.0,
      10.0,
      10.0,
      10.0,
      10.0,
      10.000000953674316,
      10.000000953674316,
      10.000001907348633,
      10.00000286102295,
      10.000003814697266,
      10.000006675720215,
      10.00001049041748,
      10.000017166137695,
      10.000028610229492,
      10.000045776367188,
      10.000073432922363,
      10.00011920928955,
      10.000192642211914,
      10.000311851501465,
      10.000505447387695,
      10.00081729888916,
      10.001321792602539,
      10.0021390914917,
      10.003461837768555,
      10.005600929260254,
      10.009061813354492,
      10.014662742614746,
      10.023724555969238,
      10.038387298583984,
      10.062112808227539,
      10.100500106811523,
      10.162611961364746,
      10.26311206817627,
      10.425724983215332,
      10.688837051391602,
      11.114562034606934,
      11.803399085998535,
      12.917961120605469,
      14.721359252929688,
      17.639320373535156,
      22.360679626464844,
      30.0,
      30.0,
      30.0,
      30.0,
      30.0,
      30.0,
      30.0,
      30.0,
      30.0,
      30.0,
      30.0,
      30.0,
      30.0,
      30.0,
      30.0,
      30.0,
      30.0,
      30.0,
      30.0,
      30.0,
      30.0,
      30.0,
      30.0,
      30.0,
      30.0,
      30.0,
      30.0,
      30.0,
      30.0,
      30.0,
      30.0,
      30.0,
      30.0,
      30.0,
      30.0,
      30.0,
      30.0,
      30.0,
      30.0,
      30.0,
      30.0,
      30.0,
      30.0,
      30.0,
      30.0,
      30.0,
      30.0,
      30.0,
      30.0,
      30.0,
      30.0,
      30.0,
      30.0,
      30.0,
      30.0,
      30.0,
      30.0,
      30.0,
      30.0,
      30.0,
      30.0,
      30.0,
      30.0,
      30.0,
      30.0,
      30.0,
      30.0,
      30.0,
      30.0,
      30.0,
      30.0,
      30.0,
      30.0,
      2.0,
      2.0
    ],
    "1": [
      5.0,
      5.0,
      5.0,
      5.0,
      5.0,
      5.0,
      5.0,
      5.0,
      5.0,
      5.0,
      5.0,
      5.0,
      5.0,
      5.0,
      5.0,
      5.0,
      5.0,
      5.0,
      5.0,
      5.0,
      5.0,
      5.0,
      5.0,
      5.0,
      5.0,
      5.0,
      5.0,
      5.0,
      5.0,
      5.0,
      5.0,
      5.0,
      5.0,
      5.0,
      5.0,
      5.0,
      5.000000476837158,
      5.000000476837158,
      5.000000476837158,
      5.000000953674316,
      5.000001430511475,
      5.000002861022949,
      5.000004291534424,
      5.000007152557373,
      5.000011444091797,
      5.00001859664917,
      5.000030040740967,
      5.0000481605529785,
      5.000078201293945,
      5.000126361846924,
      5.000204086303711,
      5.000330448150635,
      5.000535011291504,
      5.000865459442139,
      5.001399993896484,
      5.002265453338623,
      5.003665924072266,
      5.005931377410889,
      5.009596824645996,
      5.015528202056885,
      5.025125026702881,
      5.040653228759766,
      5.0657782554626465,
      5.106431007385254,
      5.1722092628479,
      5.278640270233154,
      5.450849533081055,
      5.729490280151367,
      6.180339813232422,
      6.909830093383789,
      8.090169906616211,
      10.0,
      10.0,
      10.0,
      10.0,
      10.0,
      10.0,
      10.0,
      10.0,
      10.0,
      10.0,
      10.0,
      10.0,
      10.0,
      10.0,
      10.0,
      10.0,
      10.0,
      10.0,
      10.0,
      10.0,
      10.0,
      10.0,
      10.0,
      10.0,
      10.0,
      10.0,
      10.0,
      10.0,
      10.0,
      10.0,
      10.0,
      10.0,
      10.0,
      10.0,
      10.0,
      10.0,
      10.0,
      10.0,
      10.0,
      10.0,
      10.0,
      10.0,
      10.0,
      10.0,
      10.0,
      10.0,
      10.0,
      10.0,
      10.0,
      10.0,
      10.0,
      10.0,
      10.0,
      10.0,
      10.0,
      10.0,
      10.0,
      10.0,
      10.0,
      10.0,
      10.0,
      10.0,
      10.0,
      10.0,
      10.0,
      10.0,
      10.0,
      10.0,
      10.0,
      10.0,
      10.0,
      10.0,
      10.0,
      10.0,
      10.0,
      10.0,
      10.0,
      10.0,
      10.0,
      10.0,
      10.0,
      10.0,
      10.0,
      10.0,
      10.0,
      10.0,
      10.0,
      10.0,
      10.0,
      10.0,
      10.0,
      10.0,
      10.0,
      10.0,
      10.0,
      10.0,
      10.0,
      10.0,
      10.0,
      10.0,
      10.0,
      10.0,
      10.0,
      10.0,
      10.0,
      10.0,
      10.0,
      10.000000953674316,
      10.000000953674316,
      10.000001907348633,
      10.000001907348633,
      10.000003814697266,
      10.000005722045898,
      10.000009536743164,
      10.000016212463379,
      10.000025749206543,
      10.000041961669922,
      10.000068664550781,
      10.000110626220703,
      10.000179290771484,
      10.000288963317871,
      10.000468254089355,
      10.000757217407227,
      10.001225471496582,
      10.001983642578125,
      10.003209114074707,
      10.005191802978516,
      10.008400917053223,
      10.013592720031738,
      10.021994590759277,
      10.035587310791016,
      10.057580947875977,
      10.093168258666992,
      10.150750160217285,
      10.243918418884277,
      10.394668579101563,
      10.63858699798584,
      11.033255577087402,
      11.671842575073242,
      12.705098152160645,
      14.376940727233887,
      17.08203887939453,
      21.458980560302734,
      28.541019439697266,
      40.0,
      1.0,
      1.0
    ],