{
  "cols": 218,
  "data": {
    "0": [
      0.0,
      13.927421569824219,
      3.0,
      10018.0,
      0.0,
      13.927421569824219,
      3.0,
      10018.0,
      0.0,
      13.927421569824219,
      3.0,
      10018.0,
      0.0,
      36.78492736816406,
      3.0,
      10002.0,
      0.0,
      36.78492736816406,
      3.0,
      10002.0,
      0.0,
      36.78492736816406,
      3.0,
      10002.0,
      0.0,
      19.71186637878418,
      4.0,
      10010.0,
      0.0,
      19.71186637878418,
      4.0,
      10010.0,
      0.0,
      19.71186637878418,
      4.0,
      10010.0,
      0.0,
      8.220057487487793,
      1.0,
      10002.0,
      0.0,
      8.220057487487793,
      1.0,
      10002.0,
      0.0,
      8.220057487487793,
      1.0,
      10002.0,
      0.0,
      26.876510620117188,
      8.0,
      10004.0,
      0.0,
      26.876510620117188,
      8.0,
      10004.0,
      0.0,
      26.876510620117188,
      8.0,
      10004.0,
      0.0,
      15.809369087219238,
      8.0,
      10017.0,
      0.0,
      15.809369087219238,
      8.0,
      10017.0,
      0.0,
      15.809369087219238,
      8.0,
      10017.0,
      0.0,
      0.0,
      100.0,
      1000.0,
      0.0,
      0.0,
      100.0,
      1000.0,
      0.0,
      0.0,
      100.0,
      1000.0,
      0.0,
      0.0,
      100.0,
      1000.0,
      0.0,
      0.0,
      100.0,
      1000.0,
      0.0,
      0.0,
      100.0,
      1000.0,
      0.0,
      0.0,
      100.0,
      1000.0,
      0.0,
      0.0,
      100.0,
      1000.0,
      0.0,
      0.0,
      100.0,
      1000.0,
      0.0,
      0.0,
      100.0,
      1000.0,
      0.0,
      0.0,
      100.0,
      1000.0,
      0.0,
      0.0,
      100.0,
      1000.0,
      0.0,
      0.0,
      100.0,
      1000.0,
      0.0,
      0.0,
      100.0,
      1000.0,
      0.0,
      0.0,
      100.0,
      1000.0,
      0.0,
      0.0,
      100.0,
      1000.0,
      0.0,
      0.0,
      100.0,
      1000.0,
      0.0,
      0.0,
      100.0,
      1000.0,
      0.0,
      0.0,
      100.0,
      1000.0,
      0.0,
      0.0,
      100.0,
      1000.0,
      0.0,
      0.0,
      100.0,
      1000.0,
      0.0,
      0.0,
      100.0,
      1000.0,
      0.0,
      0.0,
      100.0,
      1000.0,
      0.0,
      0.0,
      100.0,
      1000.0,
      0.0,
      0.0,
      100.0,
      1000.0,
      0.0,
      0.0,
      100.0,
      1000.0,
      0.0,
      0.0,
      100.0,
      1000.0,
      0.0,
      0.0,
      100.0,
      1000.0,
      0.0,
      0.0,
      100.0,
      1000.0,
      0.0,
      0.0,
      100.0,
      1000.0,
      0.0,
      0.0,
      100.0,
      1000.0,
      0.0,
      0.0,
      100.0,
      1000.0,
      0.0,
      0.0,
      100.0,
      1000.0,
      0.0,
      0.0,
      100.0,
      1000.0,
      0.0,
      0.0,
      100.0,
      1000.0,
      0.0,
      0.0,
      100.0,
      1000.0,
      1.0,
      1.0
    ],
    "1": [
      0.0,
      0.0,
      0.0,
      18002.0,
      0.0,
      0.0,
      0.0,
      18002.0,
      0.0,
      0.0,
      0.0,
      18002.0,
      0.0,
      0.0,
      0.0,
      18003.0,
      0.0,
      0.0,
      0.0,
      18003.0,
      0.0,
      0.0,
      0.0,
      18003.0,
      0.0,
      0.0,
      0.0,
      18000.0,
      0.0,
      0.0,
      0.0,
      18000.0,
      0.0,
      0.0,
      0.0,
      18000.0,
      0.0,
      0.0,
      0.0,
      18002.0,
      0.0,
      0.0,
      0.0,
      18002.0,
      0.0,
      0.0,
      0.0,
      18002.0,
      0.0,
      0.0,
      0.0,
      18002.0,
      0.0,
      0.0,
      0.0,
      18002.0,
      0.0,
      0.0,
      0.0,
      18002.0,
      0.0,
      0.0,
      0.0,
      18000.0,
      0.0,
      0.0,
      0.0,
      18000.0,
      0.0,
      0.0,
      0.0,
      18000.0,
      0.0,
      0.0,
      100.0,
      1000.0,
      0.0,
      0.0,
      100.0,
      1000.0,
      0.0,
      0.0,
      100.0,
      1000.0,
      0.0,
      0.0,
      100.0,
      1000.0,
      0.0,
      0.0,
      100.0,
      1000.0,
      0.0,
      0.0,
      100.0,
      1000.0,
      0.0,
      0.0,
      100.0,
      1000.0,
      0.0,
      0.0,
      100.0,
      1000.0,
      0.0,
      0.0,
      100.0,
      1000.0,
      0.0,
      0.0,
      100.0,
      1000.0,
      0.0,
      0.0,
      100.0,
      1000.0,
      0.0,
      0.0,
      100.0,
      1000.0,
      0.0,
      0.0,
      100.0,
      1000.0,
      0.0,
      0.0,
      100.0,
      1000.0,
      0.0,
      0.0,
      100.0,
      1000.0,
      0.0,
      0.0,
      100.0,
      1000.0,
      0.0,
      0.0,
      100.0,
      1000.0,
      0.0,
      0.0,
      100.0,
      1000.0,
      0.0,
      0.0,
      100.0,
      1000.0,
      0.0,
      0.0,
      100.0,
      1000.0,
      0.0,
      0.0,
      100.0,
      1000.0,
      0.0,
      0.0,
      100.0,
      1000.0,
      0.0,
      0.0,
      100.0,
      1000.0,
      0.0,
      0.0,
      100.0,
      1000.0,
      0.0,
      0.0,
      100.0,
      1000.0,
      0.0,
      0.0,
      100.0,
      1000.0,
      0.0,
      0.0,
      100.0,
      1000.0,
      0.0,
      0.0,
      100.0,
      1000.0,
      0.0,
      0.0,
      100.0,
      1000.0,
      0.0,
      0.0,
      100.0,
      1000.0,
      0.0,
      0.0,
      100.0,
      1000.0,
      0.0,
      0.0,
      100.0,
      1000.0,
      0.0,
      0.0,
      100.0,
      1000.0,
      0.0,
      0.0,
      100.0,
      1000.0,
      0.0,
      0.0,
      100.0,
      1000.0,
      0.0,
      0.0,
      100.0,
      1000.0,
      1.0,
      1.0
    ],