{
  "cols": 218,
  "data": {
    "0": [
      646.0,
      0.2676016092300415,
      0.3964717388153076,
      -14.0,
      0.2323470115661621,
      0.5791666507720947,
      509.0,
      0.4836479425430298,
      0.259052038192749,
      -548.0,
      0.1429433822631836,
      0.4000169038772583,
      -902.0,
      0.7327746152877808,
      0.8237496614456177,
      991.0,
      0.5522247552871704,
      0.1938565969467163,
      817.0,
      0.7427780628204346,
      0.18940269947052002,
      255.0,
      0.9941549301147461,
      0.8300249576568604,
      779.0,
      0.7056728601455688,
      0.6667138338088989,
      466.0,
      0.4084439277648926,
      0.3916161060333252,
      495.0,
      0.2752572298049927,
      0.845661997795105,
      702.0,
      0.4727635383605957,
      0.9404374361038208,
      -172.0,
      0.6135069131851196,
      0.3437849283218384,
      365.0,
      0.9625389575958252,
      0.825553297996521,
      -104.0,
      0.8468846082687378,
      0.7463971376419067,
      671.0,
      0.33138489723205566,
      0.736213207244873,
      241.0,
      0.7719566822052002,
      0.5517619848251343,
      -487.0,
      0.7524652481079102,
      0.5191588401794434,
      0.0,
      0.25,
      0.625,
      1.3333333730697632,
      0.0,
      0.125,
      0.0,
      0.125,
      0.125,
      0.25,
      0.375,
      0.3333333432674408,
      0.25,
      0.3333333432674408,
      0.25,
      0.875,
      0.0,
      1.0,
      0.0,
      0.0,
      0.0,
      0.0,
      0.0,
      0.0,
      0.0,
      0.0,
      0.0,
      0.0,
      0.0,
      0.0,
      0.0,
      0.0,
      0.0,
      0.0,
      0.0,
      0.0,
      0.0,
      0.0,
      0.0,
      0.0,
      0.0,
      0.0,
      0.0,
      0.0,
      0.0,
      0.0,
      0.0,
      0.0,
      0.0,
      0.0,
      0.0,
      0.0,
      0.0,
      0.0,
      0.0,
      0.0,
      0.0,
      0.0,
      0.0,
      0.0,
      0.0,
      0.0,
      0.0,
      0.0,
      0.0,
      0.0,
      0.0,
      0.0,
      0.0,
      0.0,
      0.0,
      0.0,
      0.0,
      0.0,
      0.0,
      0.0,
      0.0,
      0.0,
      0.0,
      0.0,
      0.0,
      0.0,
      0.0,
      0.0,
      0.0,
      0.0,
      0.0,
      0.0,
      0.0,
      0.0,
      0.0,
      0.0,
      0.0,
      0.0,
      0.0,
      0.0,
      0.0,
      0.0,
      0.0,
      0.0,
      0.0,
      0.0,
      0.0,
      0.0,
      0.0,
      0.0,
      0.0,
      0.0,
      0.0,
      0.0,
      0.0,
      0.0,
      0.0,
      0.0,
      0.0,
      0.0,
      0.0,
      0.0,
      0.0,
      0.0,
      0.0,
      0.0,
      0.0,
      0.0,
      0.0,
      0.0,
      0.0,
      0.0,
      0.0,
      0.0,
      0.0,
      0.0,
      0.0,
      0.0,
      0.0,
      0.0,
      0.0,
      0.0,
      0.0,
      0.0,
      0.0,
      0.0,
      0.0,
      0.0,
      0.0,
      0.0,
      0.0,
      0.0,
      0.0,
      0.0,
      0.0,
      0.0,
      0.0,
      0.0,
      0.0,
      0.0,
      0.0,
      0.0,
      0.0,
      0.0,
      0.0,
      0.0,
      1.0,
      6.0
    ],
    "1": [
      -863.0,
      0.19184541702270508,
      0.33647143840789795,
      -163.0,
      0.8238718509674072,
      0.8455865383148193,
      483.0,
      0.7672731876373291,
      0.17187047004699707,
      -310.0,
      0.679936408996582,
      0.06758391857147217,
      -153.0,
      0.01466822624206543,
      0.0034748315811157227,
      -244.0,
      0.2684577703475952,
      0.8761967420578003,
      -903.0,
      0.11532890796661377,
      0.5483338832855225,
      46.0,
      0.8326565027236938,
      0.0745922327041626,
      -274.0,
      0.6843751668930054,
      0.31660783290863037,
      -261.0,
      0.21621227264404297,
      0.6333304643630981,
      722.0,
      0.46227049827575684,
      0.1858994960784912,
      -709.0,
      0.6858290433883667,
      0.5143811702728271,
      -449.0,
      0.29075419902801514,
      0.058135271072387695,
      -285.0,
      0.9485346078872681,
      0.7582415342330933,
      -851.0,
      0.43695497512817383,
      0.575156569480896,
      -422.0,
      0.7948439121246338,
      0.9293006658554077,
      654.0,
      0.2723696231842041,
      0.2746621370315552,
      -406.0,
      0.5225560665130615,
      0.8113685846328735,
      0.0,
      0.25,
      0.625,
      1.3333333730697632,
      0.0,
      0.125,
      0.0,
      0.125,
      0.125,
      0.25,
      0.375,
      0.3333333432674408,
      0.25,
      0.3333333432674408,
      0.25,
      0.875,
      0.0,
      1.0,
      0.5,
      2.5,
      0.0,
      1.0,
      1.5,
      1.5,
      1.5,
      0.5,
      2.5,
      2.0,
      0.0,
      0.5,
      0.0,
      0.5,
      0.5,
      2.5,
      1.0,
      2.0,
      0.5,
      0.5,
      0.5,
      0.0,
      1.0,
      1.0,
      1.0,
      0.5,
      0.5,
      0.5,
      1.0,
      1.0,
      2.0,
      1.0,
      0.5,
      0.5,
      0.5,
      1.5,
      1.5,
      1.0,
      1.5,
      0.0,
      1.0,
      1.0,
      1.0,
      1.5,
      1.5,
      1.0,
      2.0,
      0.0,
      0.0,
      0.0,
      1.0,
      0.5,
      0.0,
      2.0,
      1.0,
      0.0,
      0.0,
      0.5,
      0.5,
      0.0,
      0.5,
      1.5,
      1.0,
      0.0,
      1.0,
      0.5,
      1.0,
      1.0,
      1.5,
      2.0,
      1.0,
      1.0,
      0.5,
      2.0,
      1.5,
      0.0,
      1.0,
      0.5,
      1.5,
      1.0,
      1.0,
      0.0,
      0.0,
      0.0,
      0.5,
      1.0,
      2.0,
      1.0,
      1.5,
      2.5,
      1.5,
      0.5,
      0.5,
      0.5,
      0.5,
      2.5,
      0.0,
      1.0,
      1.0,
      1.0,
      1.0,
      1.5,
      0.0,
      1.0,
      2.5,
      1.0,
      0.5,
      0.0,
      0.5,
      1.0,
      1.0,
      0.0,
      2.0,
      1.5,
      0.5,
      1.5,
      0.5,
      0.5,
      2.5,
      0.5,
      2.0,
      0.5,
      1.0,
      2.0,
      2.0,
      1.0,
      0.5,
      1.0,
      0.0,
      0.5,
      0.0,
      0.5,
      1.0,
      0.0,
      2.0,
      0.5,
      1.0,
      1.5,
      0.0,
      0.0,
      0.5,
      0.5,
      0.0,
      0.0,
      1.0,
      6.0
    ],