{
  "cols": 13,
  "data": [
    [
      -25.014734268188477,
      -16.375476837158203,
      0.7952801585197449,
      -1.9313510656356812,
      -9.022516250610352,
      -2.6295952796936035,
      0.7810230851173401,
      -7.197894096374512,
      -14.588479042053223,
      3.26484751701355,
      4.193313121795654,
      -0.5534493327140808,
      -3.038783073425293
    ],
    [
      -32.17751693725586,
      -3.731872797012329,
      15.377110481262207,
      12.701286315917969,
      17.46462059020996,
      14.021449089050293,
      7.275895118713379,
      8.65257453918457,
      5.366568565368652,
      4.102009296417236,
      0.45905452966690063,
      -1.7831764221191406,
      -3.145272731781006
    ],
    [
      -167.959716796875,
      -46.16669845581055,
      9.320732116699219,
      -17.84149742126465,
      6.648515224456787,
      3.400132656097412,
      1.2076393365859985,
      1.0043641328811646,
      7.765506267547607,
      -1.168202519416809,
      4.585690498352051,
      1.4371026754379272,
      0.6190898418426514
    ],
    [
      -162.4010772705078,
      -29.849750518798828,
      -10.432191848754883,
      -15.642056465148926,
      -10.039697647094727,
      -2.5429625511169434,
      -5.388050079345703,
      -5.259056091308594,
      1.16364586353302,
      -8.6087064743042,
      -1.9635009765625,
      -1.7005577087402344,
      -3.3908517360687256
    ],
    [
      -39.06545639038086,
      -14.976131439208984,
      -13.955333709716797,
      -20.262815475463867,
      -0.3743516802787781,
      -2.696821689605713,
      0.3138672411441803,
      2.164472818374634,
      2.243462324142456,
      -1.1443977355957031,
      1.1577332019805908,
      -1.8046157360076904,
      3.0911097526550293
    ],
    [
      -33.81947708129883,
      -15.904855728149414,
      11.737241744995117,
      1.555724859237671,
      4.498776435852051,
      2.728489875793457,
      -6.567276954650879,
      1.402357816696167,
      -11.776397705078125,
      -4.348489284515381,
      -8.378782272338867,
      -2.652294635772705,
      -0.7775839567184448
    ],
    [
      -41.0705680847168,
      22.44089126586914,
      -8.560291290283203,
      0.23269301652908325,
      0.5774648785591125,
      6.378269195556641,
      -10.776716232299805,
      2.980494499206543,
      -6.109780311584473,
      3.900965690612793,
      0.3662046790122986,
      1.9500406980514526,
      -0.06308629363775253
    ],
    [
      -49.46061706542969,
      2.793450355529785,
      -21.560434341430664,
      12.383465766906738,
      11.440716743469238,
      4.730251312255859,
      -21.930278778076172,
      4.869170665740967,
      5.496910572052002,
      10.5343656539917,
      -9.12291145324707,
      -7.065293788909912,
      2.394296884536743
    ],
    [
      -91.15487670898438,
      22.284719467163086,
      -3.3631086349487305,
      -8.619525909423828,
      3.0812251567840576,
      7.934043884277344,
      -8.767511367797852,
      7.10463809967041,
      -2.9074184894561768,
      3.653935432434082,
      -0.44422733783721924,
      0.5673297643661499,
      -0.8670467734336853
    ],
    [
      10.726155281066895,
      -5.792305946350098,
      3.2663798332214355,
      -2.4839165210723877,
      -7.403184413909912,
      -9.985054969787598,
      -7.573958396911621,
      -5.435527324676514,
      -5.673374652862549,
      -2.1236331462860107,
      1.1823396682739258,
      2.3215696811676025,
      2.9305355548858643
    ],
    [
      -21.50599479675293,
      -13.979007720947266,
      -7.3282670974731445,
      -13.68603229522705,
      -8.619916915893555,
      -4.193912982940674,
      -4.524631977081299,
      5.110750675201416,
      3.489711046218872,
      6.1720075607299805,
      -3.6796977519989014,
      -3.249654769897461,
      -2.1832263469696045
    ],
    [
      -15.516058921813965,
      -34.54948425292969,
      -44.37372970581055,
      -38.72180938720703,
      -41.332645416259766,
      -29.252424240112305,
      -22.471717834472656,
      -2.4635300636291504,
      5.705451965332031,
      12.130587577819824,
      7.238082408905029,
      1.8493520021438599,
      2.718348979949951
    ],
    [
      18.33542251586914,
      -20.568588256835938,
      -1.4966964721679688,
      -12.08035659790039,
      -6.1222100257873535,
      -11.822192192077637,
      -4.498599052429199,
      -1.789048433303833,
      4.0246806144714355,
      -2.5089330673217773,
      0.4480670094490051,
      -2.3251798152923584,
      -3.0904648303985596
    ],
    [
      7.414823055267334,
      46.84986877441406,
      17.96266746520996,
      12.85391902923584,
      4.070621490478516,
      -2.3676986694335938,
      -5.985018253326416,
      -7.997039318084717,
      -9.56277084350586,
      -7.81268835067749,
      -5.775864601135254,
      -2.2663445472717285,
      2.088934898376465
    ],
    [
      52.01732635498047,
      60.68455123901367,
      3.797426700592041,
      18.194515228271484,
      7.5999298095703125,
      18.295833587646484,
      -5.388360977172852,
      16.018339157104492,
      -2.275240659713745,
      9.937751770019531,
      -0.42725318670272827,
      5.386386394500732,
      1.5299131870269775
    ],
    [
      86.1090316772461,
      63.84786605834961,
      18.294160842895508,
      23.00592041015625,
      -0.050043631345033646,
      14.421555519104004,
      2.261110782623291,
      12.352228164672852,
      2.397857666015625,
      7.672771453857422,
      3.631458044052124,
      3.6599466800689697,
      3.4064998626708984
    ]
  ],
  "ids": [
    "slice-12",
    "slice-1",
    "slice-4",
    "slice-7",
    "slice-6",
    "slice-2",
    "slice-10",
    "slice-9",
    "slice-11",
    "slice-14",
    "slice-15",
    "slice-5",
    "slice-13",
    "slice-8",
    "slice-3",
    "slice-0"
  ],
  "rows": 16,
  "tree": [
    [
      1,
      9
    ],
    [
      2,
      6
    ],
    [
      3,
      5
    ],
    [
      4,
      -1
    ],
    [
      -1,
      -1
    ],
    [
      -1,
      -1
    ],
    [
      7,
      8
    ],
    [
      -1,
      -1
    ],
    [
      -1,
      -1
    ],
    [
      10,
      13
    ],
    [
      11,
      12
    ],
    [
      -1,
      -1
    ],
    [
      -1,
      -1
    ],
    [
      14,
      15
    ],
    [
      -1,
      -1
    ],
    [
      -1,
      -1
    ]
  ]
}
