{
  "cols": 218,
  "data": {
    "0": [
      143.0,
      0.04371452331542969,
      0.9238079786300659,
      0.6557238101959229,
      93.0,
      0.39154326915740967,
      0.46820032596588135,
      0.7737066745758057,
      164.0,
      0.7807159423828125,
      0.46981072425842285,
      0.5260976552963257,
      845.0,
      0.6543987989425659,
      0.1277635097503662,
      0.45981574058532715,
      314.0,
      0.9827964305877686,
      0.5681353807449341,
      0.6510334014892578,
      761.0,
      0.10367608070373535,
      0.055716633796691895,
      0.3391106128692627,
      456.0,
      0.018767714500427246,
      0.08194255828857422,
      0.43073809146881104,
      227.0,
      0.39396071434020996,
      0.19115674495697021,
      0.20160222053527832,
      381.0,
      0.4801366329193115,
      0.8813732862472534,
      0.5574747323989868,
      168.0,
      0.9744777679443359,
      0.306124210357666,
      0.5861861705780029,
      189.0,
      0.1735391616821289,
      0.08102238178253174,
      0.8931748867034912,
      679.0,
      0.3091397285461426,
      0.5050139427185059,
      0.9002137184143066,
      429.0,
      0.48309171199798584,
      0.04870712757110596,
      0.560550332069397,
      891.0,
      0.18723368644714355,
      0.46484458446502686,
      0.2661932706832886,
      330.0,
      0.9643079042434692,
      0.23263370990753174,
      0.039813995361328125,
      639.0,
      0.009213685989379883,
      0.5470082759857178,
      0.8359044790267944,
      205.0,
      0.7542614936828613,
      0.18165695667266846,
      0.4642690420150757,
      139.0,
      0.09589242935180664,
      0.3966665267944336,
      0.6077048778533936,
      1.3333333730697632,
      0.3333333432674408,
      1.0,
      0.125,
      0.0,
      0.5,
      0.6666666865348816,
      0.0,
      0.375,
      0.25,
      0.0,
      0.375,
      0.25,
      0.6666666865348816,
      0.3333333432674408,
      0.0,
      0.0,
      0.625,
      0.0,
      0.375,
      1.125,
      0.5,
      0.0,
      1.125,
      0.0,
      1.125,
      0.6666666865348816,
      0.625,
      0.625,
      1.0,
      0.25,
      0.5,
      0.25,
      0.625,
      0.3333333432674408,
      0.3333333432674408,
      0.125,
      0.6666666865348816,
      0.25,
      0.5,
      0.3333333432674408,
      0.375,
      1.0,
      0.6666666865348816,
      0.375,
      0.0,
      0.25,
      0.125,
      0.125,
      0.0,
      0.3333333432674408,
      0.3333333432674408,
      0.3333333432674408,
      0.3333333432674408,
      0.3333333432674408,
      0.3333333432674408,
      1.0,
      0.0,
      0.6666666865348816,
      0.125,
      0.375,
      1.3333333730697632,
      1.0,
      0.0,
      0.375,
      0.0,
      0.75,
      0.0,
      0.3333333432674408,
      0.5,
      0.6666666865348816,
      1.125,
      1.0,
      0.0,
      0.3333333432674408,
      1.0,
      0.75,
      0.0,
      0.3333333432674408,
      1.0,
      0.3333333432674408,
      1.25,
      0.3333333432674408,
      0.375,
      0.6666666865348816,
      0.0,
      0.0,
      0.75,
      1.0,
      0.625,
      0.75,
      1.0,
      0.75,
      1.125,
      0.375,
      0.6666666865348816,
      1.0,
      0.6666666865348816,
      1.0,
      0.25,
      0.25,
      0.25,
      0.0,
      0.125,
      0.5,
      0.875,
      0.625,
      0.875,
      0.375,
      0.375,
      0.3333333432674408,
      0.3333333432674408,
      0.0,
      0.6666666865348816,
      0.875,
      0.75,
      0.75,
      0.875,
      0.3333333432674408,
      0.6666666865348816,
      0.5,
      0.0,
      0.625,
      0.0,
      1.125,
      0.3333333432674408,
      0.5,
      0.3333333432674408,
      0.3333333432674408,
      0.125,
      0.125,
      0.0,
      0.3333333432674408,
      0.75,
      0.3333333432674408,
      0.5,
      0.125,
      1.0,
      0.0,
      0.0,
      0.3333333432674408,
      0.375,
      0.75,
      1.125,
      1.0,
      0.0
    ],
    "1": [
      842.0,
      0.477306604385376,
      0.11246061325073242,
      0.6593897342681885,
      9017.0,
      0.4082082509994507,
      0.4291059970855713,
      0.23556303977966309,
      6151.0,
      0.44770705699920654,
      0.43002283573150635,
      0.7854956388473511,
      1964.0,
      0.8934979438781738,
      0.29580843448638916,
      0.2972524166107178,
      6906.0,
      0.9946671724319458,
      0.5991586446762085,
      0.2690255641937256,
      4192.0,
      0.21186363697052002,
      0.32026898860931396,
      0.5661594867706299,
      3619.0,
      0.295711874961853,
      0.13231050968170166,
      0.9574806690216064,
      9712.0,
      0.49138855934143066,
      0.6636098623275757,
      0.4895212650299072,
      8923.0,
      0.509752631187439,
      0.2866593599319458,
      0.8942557573318481,
      8337.0,
      0.392339825630188,
      0.6699497699737549,
      0.08223104476928711,
      8076.0,
      0.5823218822479248,
      0.8267737627029419,
      0.3256145715713501,
      7923.0,
      0.4449779987335205,
      0.639090895652771,
      0.05889320373535156,
      3644.0,
      0.2847064733505249,
      0.4538189172744751,
      0.6469899415969849,
      9477.0,
      0.44613397121429443,
      0.22099578380584717,
      0.3853745460510254,
      3189.0,
      0.9851858615875244,
      0.7379999160766602,
      0.04897499084472656,
      8508.0,
      0.8432886600494385,
      0.4329197406768799,
      0.313088059425354,
      8988.0,
      0.14873290061950684,
      0.26742982864379883,
      0.741588830947876,
      8086.0,
      0.39830660820007324,
      0.07464766502380371,
      0.8981543779373169,
      0.6666666865348816,
      5.125,
      3.875,
      3.3333332538604736,
      1.0,
      0.875,
      5.333333492279053,
      0.25,
      1.6666666269302368,
      8.25,
      7.666666507720947,
      1.375,
      0.6666666865348816,
      2.6666667461395264,
      6.333333492279053,
      7.666666507720947,
      3.3333332538604736,
      0.875,
      0.5,
      6.333333492279053,
      7.666666507720947,
      0.25,
      2.0,
      10.0,
      1.0,
      2.3333332538604736,
      4.666666507720947,
      2.625,
      8.0,
      0.875,
      1.75,
      0.375,
      1.875,
      3.5,
      2.75,
      5.625,
      2.3333332538604736,
      0.6666666865348816,
      0.5,
      3.0,
      3.625,
      5.666666507720947,
      7.375,
      0.0,
      4.125,
      1.0,
      1.3333333730697632,
      3.0,
      6.875,
      6.5,
      4.666666507720947,
      9.333333015441895,
      3.75,
      2.3333332538604736,
      5.375,
      0.5,
      3.0,
      0.6666666865348816,
      3.625,
      4.0,
      5.125,
      0.75,
      3.875,
      0.6666666865348816,
      4.125,
      6.333333492279053,
      5.666666507720947,
      0.875,
      5.875,
      0.75,
      6.25,
      2.3333332538604736,
      5.0,
      4.25,
      1.6666666269302368,
      7.0,
      1.0,
      0.5,
      1.375,
      2.6666667461395264,
      2.375,
      0.3333333432674408,
      3.3333332538604736,
      4.0,
      0.625,
      5.0,
      4.5,
      7.333333492279053,
      0.25,
      1.6666666269302368,
      3.0,
      2.5,
      8.75,
      1.3333333730697632,
      5.375,
      3.875,
      4.666666507720947,
      4.0,
      1.625,
      2.5,
      0.6666666865348816,
      0.75,
      5.0,
      4.75,
      0.6666666865348816,
      7.333333492279053,
      8.333333015441895,
      4.75,
      3.375,
      3.0,
      3.0,
      3.3333332538604736,
      3.6666667461395264,
      0.0,
      6.875,
      4.375,
      4.0,
      2.125,
      0.625,
      1.6666666269302368,
      4.666666507720947,
      0.375,
      0.5,
      4.333333492279053,
      6.25,
      4.333333492279053,
      1.25,
      4.0,
      4.666666507720947,
      0.0,
      3.6666667461395264,
      6.875,
      2.0,
      4.375,
      2.625,
      5.625,
      2.0,
      4.0,
      1.75,
      1.875,
      1.0,
      3.0,
