{
  "cols": 2,
  "data": {
    "slice-0": [
      0.0,
      1.0
    ],
    "slice-1": [
      0.3333333333333333,
      1.0
    ],
    "slice-10": [
      1.0,
      0.0
    ],
    "slice-11": [
      1.0,
      0.3333333333333333
    ],
    "slice-12": [
      0.6666666666666666,
      0.3333333333333333
    ],
    "slice-13": [
      0.0,
      0.3333333333333333
    ],
    "slice-14": [
      0.3333333333333333,
      0.3333333333333333
    ],
    "slice-15": [
      0.3333333333333333,
      0.0
    ],
    "slice-2": [
      0.6666666666666666,
      0.6666666666666666
    ],
    "slice-3": [
      0.3333333333333333,
      0.6666666666666666
    ],
    "slice-4": [
      0.6666666666666666,
      1.0
    ],
    "slice-5": [
      0.0,
      0.6666666666666666
    ],
    "slice-6": [
      1.0,
      0.6666666666666666
    ],
    "slice-7": [
      1.0,
      1.0
    ],
    "slice-8": [
      0.0,
      0.0
    ],
    "slice-9": [
      0.6666666666666666,
      0.0
    ]
  }
}
