{
  "cols": 2,
  "data": {
    "slice-0": [
      0.375,
      0.7333333333333333
    ],
    "slice-1": [
      0.3125,
      0.8666666666666667
    ],
    "slice-10": [
      0.5625,
      0.6666666666666666
    ],
    "slice-100": [
      0.75,
      0.6
    ],
    "slice-101": [
      0.6875,
      0.5333333333333333
    ],
    "slice-102": [
      0.6875,
      0.6
    ],
    "slice-103": [
      0.6875,
      0.6666666666666666
    ],
    "slice-104": [
      0.5,
      0.7333333333333333
    ],
    "slice-105": [
      0.75,
      0.3333333333333333
    ],
    "slice-106": [
      0.6875,
      0.4
    ],
    "slice-107": [
      0.5625,
      0.6
    ],
    "slice-108": [
      0.625,
      0.6
    ],
    "slice-109": [
      1.0,
      0.4666666666666667
    ],
    "slice-11": [
      0.3125,
      0.9333333333333333
    ],
    "slice-110": [
      1.0,
      0.3333333333333333
    ],
    "slice-111": [
      0.625,
      0.4666666666666667
    ],
    "slice-112": [
      0.875,
      0.8
    ],
    "slice-113": [
      0.4375,
      0.7333333333333333
    ],
    "slice-114": [
      0.875,
      0.4666666666666667
    ],
    "slice-115": [
      0.75,
      0.26666666666666666
    ],
    "slice-116": [
      1.0,
      0.13333333333333333
    ],
    "slice-117": [
      0.5625,
      0.4666666666666667
    ],
    "slice-118": [
      0.75,
      0.4666666666666667
    ],
    "slice-119": [
      0.9375,
      0.0
    ],
    "slice-12": [
      1.0,
      0.0
    ],
    "slice-120": [
      0.625,
      0.3333333333333333
    ],
    "slice-121": [
      0.6875,
      0.4666666666666667
    ],
    "slice-122": [
      0.625,
      0.5333333333333333
    ],
    "slice-123": [
      0.9375,
      0.5333333333333333
    ],
    "slice-124": [
      0.5,
      0.6
    ],
    "slice-125": [
      0.625,
      0.4
    ],
    "slice-126": [
      0.875,
      0.06666666666666667
    ],
    "slice-127": [
      0.5625,
      0.5333333333333333
    ],
    "slice-128": [
      0.875,
      0.13333333333333333
    ],
    "slice-129": [
      0.8125,
      0.8
    ],
    "slice-13": [
      0.4375,
      0.6
    ],
    "slice-130": [
      0.875,
      0.7333333333333333
    ],
    "slice-131": [
      0.9375,
      0.7333333333333333
    ],
    "slice-132": [
      0.5625,
      0.13333333333333333
    ],
    "slice-133": [
      0.125,
      0.06666666666666667
    ],
    "slice-134": [
      0.125,
      0.2
    ],
    "slice-135": [
      0.3125,
      0.13333333333333333
    ],
    "slice-136": [
      0.0625,
      0.06666666666666667
    ],
    "slice-137": [
      0.0,
      0.26666666666666666
    ],
    "slice-138": [
      0.0625,
      0.0
    ],
    "slice-139": [
      0.1875,
      0.2
    ],
    "slice-14": [
      0.125,
      0.9333333333333333
    ],
    "slice-140": [
      0.1875,
      0.13333333333333333
    ],
    "slice-141": [
      0.0625,
      0.26666666666666666
    ],
    "slice-142": [
      0.0625,
      0.3333333333333333
    ],
    "slice-143": [
      0.125,
      0.4
    ],
    "slice-144": [
      0.0625,
      0.4666666666666667
    ],
    "slice-145": [
      0.0,
      0.0
    ],
    "slice-146": [
      0.0625,
      0.7333333333333333
    ],
    "slice-147": [
      0.25,
      0.13333333333333333
    ],
    "slice-148": [
      0.125,
      0.5333333333333333
    ],
    "slice-149": [
      0.0,
      1.0
    ],
    "slice-15": [
      0.25,
      0.8
    ],
    "slice-150": [
      0.125,
      0.6
    ],
    "slice-151": [
      0.3125,
      0.2
    ],
    "slice-152": [
      0.375,
      0.13333333333333333
    ],
    "slice-153": [
      0.0625,
      0.9333333333333333
    ],
    "slice-154": [
      0.1875,
      0.5333333333333333
    ],
    "slice-155": [
      0.0,
      0.6666666666666666
    ],
    "slice-156": [
      0.0,
      0.7333333333333333
    ],
    "slice-157": [
      0.0,
      0.6
    ],
    "slice-158": [
      0.125,
      0.26666666666666666
    ],
    "slice-159": [
      0.0625,
      0.4
    ],
    "slice-16": [
      1.0,
      0.6
    ],
    "slice-160": [
      0.0625,
      0.6
    ],
    "slice-161": [
      0.0625,
      0.2
    ],
    "slice-162": [
      0.1875,
      0.26666666666666666
    ],
    "slice-163": [
      0.25,
      0.2
    ],
    "slice-164": [
      0.0625,
      0.6666666666666666
    ],
    "slice-165": [
      0.3125,
      0.0
    ],
    "slice-166": [
      0.0,
      0.8666666666666667
    ],
    "slice-167": [
      0.1875,
      0.3333333333333333
    ],
    "slice-168": [
      0.0,
      0.2
    ],
    "slice-169": [
      0.0,
      0.4
    ],
    "slice-17": [
      0.8125,
      0.6666666666666666
    ],
    "slice-170": [
      0.0,
      0.13333333333333333
    ],
    "slice-171": [
      0.125,
      0.3333333333333333
    ],
    "slice-172": [
      0.1875,
      0.0
    ],
    "slice-173": [
      0.0,
      0.3333333333333333
    ],
    "slice-174": [
      0.0,
      0.4666666666666667
    ],
    "slice-175": [
      0.0,
      0.5333333333333333
    ],
    "slice-176": [
      0.25,
      0.0
    ],
    "slice-177": [
      0.0,
      0.06666666666666667
    ],
    "slice-178": [
      0.1875,
      0.4
    ],
    "slice-179": [
      0.125,
      0.0
    ],
    "slice-18": [
      0.875,
      0.2
    ],
    "slice-180": [
      0.125,
      0.13333333333333333
    ],
    "slice-181": [
      0.0625,
      0.5333333333333333
    ],
    "slice-182": [
      0.1875,
      0.06666666666666667
    ],
    "slice-183": [
      0.0625,
      0.13333333333333333
    ],
    "slice-184": [
      0.125,
      0.4666666666666667
    ],
    "slice-185": [
      0.25,
      0.06666666666666667
    ],
    "slice-186": [
      0.3125,
      0.06666666666666667
    ],
    "slice-187": [
      0.375,
      0.8
    ],
    "slice-188": [
      1.0,
      0.06666666666666667
    ],
    "slice-189": [
      0.75,
      0.5333333333333333
    ],
    "slice-19": [
      0.75,
      0.6666666666666666
    ],
    "slice-190": [
      0.8125,
      0.5333333333333333
    ],
    "slice-191": [
      0.9375,
      0.6
    ],
    "slice-192": [
      1.0,
      0.6666666666666666
    ],
    "slice-193": [
      0.9375,
      0.4666666666666667
    ],
    "slice-194": [
      0.3125,
      0.4
    ],
    "slice-195": [
      0.4375,
      0.0
    ],
    "slice-196": [
      0.5,
      0.06666666666666667
    ],
    "slice-197": [
      0.5625,
      0.06666666666666667
    ],
    "slice-198": [
      0.625,
      0.2
    ],
    "slice-199": [
      0.4375,
      0.3333333333333333
    ],
    "slice-2": [
      0.4375,
      0.6666666666666666
    ],
    "slice-20": [
      0.6875,
      0.8
    ],
    "slice-200": [
      0.625,
      0.13333333333333333
    ],
    "slice-201": [
      0.5,
      0.2
    ],
    "slice-202": [
      0.25,
      0.7333333333333333
    ],
    "slice-203": [
      0.375,
      0.4
    ],
    "slice-204": [
      0.5,
      0.26666666666666666
    ],
    "slice-205": [
      0.1875,
      1.0
    ],
    "slice-206": [
      0.5625,
      0.0
    ],
    "slice-207": [
      0.4375,
      0.2
    ],
    "slice-208": [
      0.25,
      0.6
    ],
    "slice-209": [
      0.0625,
      1.0
    ],
    "slice-21": [
      0.875,
      0.5333333333333333
    ],
    "slice-210": [
      0.25,
      0.3333333333333333
    ],
    "slice-211": [
      0.375,
      0.0
    ],
    "slice-212": [
      0.25,
      0.4
    ],
    "slice-213": [
      0.375,
      0.06666666666666667
    ],
    "slice-214": [
      0.25,
      0.26666666666666666
    ],
    "slice-215": [
      0.0,
      0.9333333333333333
    ],
    "slice-216": [
      0.125,
      0.7333333333333333
    ],
    "slice-217": [
      0.125,
      0.6666666666666666
    ],
    "slice-218": [
      0.6875,
      0.0
    ],
    "slice-219": [
      0.3125,
      0.6666666666666666
    ],
    "slice-22": [
      0.875,
      0.4
    ],