{
  "cols": 2,
  "data": {
    "slice-0": [
      0.3333333333333333,
      0.9166666666666666
    ],
    "slice-1": [
      0.0,
      0.4166666666666667
    ],
    "slice-10": [
      0.75,
      0.75
    ],
    "slice-100": [
      0.4166666666666667,
      0.75
    ],
    "slice-101": [
      0.4166666666666667,
      1.0
    ],
    "slice-102": [
      0.8333333333333334,
      0.25
    ],
    "slice-103": [
      1.0,
      0.9166666666666666
    ],
    "slice-104": [
      0.75,
      0.0
    ],
    "slice-105": [
      0.25,
      0.9166666666666666
    ],
    "slice-106": [
      0.75,
      0.25
    ],
    "slice-107": [
      0.6666666666666666,
      1.0
    ],
    "slice-108": [
      0.3333333333333333,
      0.5833333333333334
    ],
    "slice-109": [
      0.5,
      0.9166666666666666
    ],
    "slice-11": [
      0.16666666666666666,
      0.3333333333333333
    ],
    "slice-110": [
      0.6666666666666666,
      0.4166666666666667
    ],
    "slice-111": [
      0.0,
      0.25
    ],
    "slice-112": [
      0.0,
      0.9166666666666666
    ],
    "slice-113": [
      0.0,
      0.5
    ],
    "slice-114": [
      1.0,
      0.16666666666666666
    ],
    "slice-115": [
      0.0,
      0.08333333333333333
    ],
    "slice-116": [
      0.9166666666666666,
      0.16666666666666666
    ],
    "slice-117": [
      0.8333333333333334,
      0.3333333333333333
    ],
    "slice-118": [
      0.75,
      0.3333333333333333
    ],
    "slice-119": [
      0.9166666666666666,
      0.25
    ],
    "slice-12": [
      0.08333333333333333,
      0.0
    ],
    "slice-120": [
      0.3333333333333333,
      0.25
    ],
    "slice-121": [
      0.8333333333333334,
      0.0
    ],
    "slice-122": [
      0.5833333333333334,
      1.0
    ],
    "slice-123": [
      0.08333333333333333,
      0.8333333333333334
    ],
    "slice-124": [
      0.9166666666666666,
      0.9166666666666666
    ],
    "slice-125": [
      0.9166666666666666,
      0.8333333333333334
    ],
    "slice-126": [
      0.3333333333333333,
      0.8333333333333334
    ],
    "slice-127": [
      0.4166666666666667,
      0.9166666666666666
    ],
    "slice-128": [
      0.5833333333333334,
      0.5
    ],
    "slice-129": [
      0.5,
      0.3333333333333333
    ],
    "slice-13": [
      0.25,
      0.0
    ],
    "slice-130": [
      0.4166666666666667,
      0.16666666666666666
    ],
    "slice-131": [
      0.0,
      0.75
    ],
    "slice-132": [
      0.5833333333333334,
      0.3333333333333333
    ],
    "slice-133": [
      0.6666666666666666,
      0.08333333333333333
    ],
    "slice-134": [
      0.5833333333333334,
      0.0
    ],
    "slice-135": [
      0.75,
      0.16666666666666666
    ],
    "slice-136": [
      0.5833333333333334,
      0.9166666666666666
    ],
    "slice-137": [
      0.6666666666666666,
      0.3333333333333333
    ],
    "slice-138": [
      0.16666666666666666,
      1.0
    ],
    "slice-139": [
      0.75,
      0.4166666666666667
    ],
    "slice-14": [
      0.5833333333333334,
      0.75
    ],
    "slice-140": [
      0.8333333333333334,
      0.6666666666666666
    ],
    "slice-141": [
      0.6666666666666666,
      0.0
    ],
    "slice-142": [
      0.08333333333333333,
      0.5833333333333334
    ],
    "slice-143": [
      0.5833333333333334,
      0.25
    ],
    "slice-144": [
      0.3333333333333333,
      0.08333333333333333
    ],
    "slice-145": [
      0.5,
      0.16666666666666666
    ],
    "slice-146": [
      0.5,
      0.4166666666666667
    ],
    "slice-147": [
      0.08333333333333333,
      0.4166666666666667
    ],
    "slice-148": [
      0.5,
      0.08333333333333333
    ],
    "slice-149": [
      0.6666666666666666,
      0.25
    ],
    "slice-15": [
      0.3333333333333333,
      0.3333333333333333
    ],
    "slice-150": [
      0.6666666666666666,
      0.5
    ],
    "slice-151": [
      0.0,
      1.0
    ],
    "slice-152": [
      0.25,
      0.5833333333333334
    ],
    "slice-153": [
      0.0,
      0.16666666666666666
    ],
    "slice-154": [
      0.6666666666666666,
      0.5833333333333334
    ],
    "slice-155": [
      0.4166666666666667,
      0.8333333333333334
    ],
    "slice-156": [
      0.16666666666666666,
      0.8333333333333334
    ],
    "slice-157": [
      0.6666666666666666,
      0.75
    ],
    "slice-158": [
      0.9166666666666666,
      0.5
    ],
    "slice-159": [
      1.0,
      0.3333333333333333
    ],
    "slice-16": [
      0.16666666666666666,
      0.5833333333333334
    ],
    "slice-160": [
      1.0,
      0.8333333333333334
    ],
    "slice-161": [
      1.0,
      0.6666666666666666
    ],
    "slice-162": [
      0.8333333333333334,
      0.8333333333333334
    ],
    "slice-163": [
      1.0,
      0.75
    ],
    "slice-164": [
      0.75,
      0.6666666666666666
    ],
    "slice-17": [
      0.25,
      0.16666666666666666
    ],
    "slice-18": [
      0.5,
      0.0
    ],
    "slice-19": [
      0.08333333333333333,
      0.25
    ],
    "slice-2": [
      0.4166666666666667,
      0.3333333333333333
    ],
    "slice-20": [
      0.3333333333333333,
      0.0
    ],
    "slice-21": [
      0.25,
      1.0
    ],
    "slice-22": [
      0.4166666666666667,
      0.4166666666666667
    ],
    "slice-23": [
      0.0,
      0.5833333333333334
    ],
    "slice-24": [
      0.5833333333333334,
      0.16666666666666666
    ],
    "slice-25": [
      0.08333333333333333,
      1.0
    ],
    "slice-26": [
      0.08333333333333333,
      0.16666666666666666
    ],
    "slice-27": [
      0.16666666666666666,
      0.0
    ],
    "slice-28": [
      0.0,
      0.0
    ],
    "slice-29": [
      0.25,
      0.25
    ],
    "slice-3": [
      0.08333333333333333,
      0.6666666666666666
    ],
    "slice-30": [
      0.3333333333333333,
      0.5
    ],
    "slice-31": [
      0.08333333333333333,
      0.5
    ],
    "slice-32": [
      0.4166666666666667,
      0.25
    ],
    "slice-33": [
      0.25,
      0.4166666666666667
    ],
    "slice-34": [
      0.5,
      0.8333333333333334
    ],
    "slice-35": [
      0.3333333333333333,
      0.75
    ],
    "slice-36": [
      0.5833333333333334,
      0.6666666666666666
    ],
    "slice-37": [
      0.08333333333333333,
      0.3333333333333333
    ],
    "slice-38": [
      0.16666666666666666,
      0.08333333333333333
    ],
    "slice-39": [
      0.0,
      0.3333333333333333
    ],
    "slice-4": [
      0.16666666666666666,
      0.16666666666666666
    ],
    "slice-40": [
      0.16666666666666666,
      0.4166666666666667
    ],
    "slice-41": [
      0.16666666666666666,
      0.25
    ],
    "slice-42": [
      0.25,
      0.3333333333333333
    ],
    "slice-43": [
      0.08333333333333333,
      0.08333333333333333
    ],
    "slice-44": [
      0.3333333333333333,
      0.16666666666666666
    ],
    "slice-45": [
      0.16666666666666666,
      0.6666666666666666
    ],
    "slice-46": [
      0.5,
      0.5833333333333334
    ],
    "slice-47": [
      0.16666666666666666,
      0.5
    ],
    "slice-48": [
      0.4166666666666667,
      0.08333333333333333
    ],
    "slice-49": [
      0.5833333333333334,
      0.4166666666666667
    ],
    "slice-5": [
      0.5,
      0.6666666666666666
    ],
    "slice-50": [
      0.75,
      0.08333333333333333
    ],
    "slice-51": [
      0.4166666666666667,
      0.5
    ],
    "slice-52": [
      0.08333333333333333,
      0.75
    ],
    "slice-53": [
      0.5833333333333334,
      0.08333333333333333
    ],
    "slice-54": [
      1.0,
      0.0
    ],
    "slice-55": [
      0.8333333333333334,
      0.16666666666666666
    ],
    "slice-56": [
      0.9166666666666666,
      0.0
    ],
    "slice-57": [
      0.9166666666666666,
      0.08333333333333333
    ],
    "slice-58": [
      0.6666666666666666,
      0.6666666666666666
    ],
    "slice-59": [
      0.5,
      1.0
    ],