{
  "cols": 2,
  "data": {
    "slice-0": [
      1.0,
      0.4444444444444444
    ],
    "slice-1": [
      0.0,
      1.0
    ],
    "slice-10": [
      0.8,
      0.7777777777777778
    ],
    "slice-100": [
      0.0,
      0.1111111111111111
    ],
    "slice-101": [
      0.1,
      0.3333333333333333
    ],
    "slice-102": [
      0.4,
      0.1111111111111111
    ],
    "slice-103": [
      0.5,
      0.2222222222222222
    ],
    "slice-104": [
      0.3,
      0.3333333333333333
    ],
    "slice-105": [
      0.1,
      0.0
    ],
    "slice-106": [
      0.6,
      0.0
    ],
    "slice-11": [
      1.0,
      0.2222222222222222
    ],
    "slice-12": [
      0.5,
      0.6666666666666666
    ],
    "slice-13": [
      0.5,
      1.0
    ],
    "slice-14": [
      0.7,
      0.4444444444444444
    ],
    "slice-15": [
      0.9,
      0.8888888888888888
    ],
    "slice-16": [
      0.2,
      1.0
    ],
    "slice-17": [
      0.2,
      0.4444444444444444
    ],
    "slice-18": [
      0.4,
      1.0
    ],
    "slice-19": [
      0.7,
      0.2222222222222222
    ],
    "slice-2": [
      0.3,
      0.5555555555555556
    ],
    "slice-20": [
      0.6,
      0.6666666666666666
    ],
    "slice-21": [
      0.7,
      0.5555555555555556
    ],
    "slice-22": [
      0.2,
      0.3333333333333333
    ],
    "slice-23": [
      0.4,
      0.4444444444444444
    ],
    "slice-24": [
      0.3,
      0.8888888888888888
    ],
    "slice-25": [
      0.3,
      0.6666666666666666
    ],
    "slice-26": [
      0.8,
      0.6666666666666666
    ],
    "slice-27": [
      0.8,
      0.8888888888888888
    ],
    "slice-28": [
      1.0,
      0.8888888888888888
    ],
    "slice-29": [
      0.7,
      0.6666666666666666
    ],
    "slice-3": [
      0.0,
      0.5555555555555556
    ],
    "slice-30": [
      0.1,
      1.0
    ],
    "slice-31": [
      0.2,
      0.5555555555555556
    ],
    "slice-32": [
      0.8,
      0.2222222222222222
    ],
    "slice-33": [
      0.2,
      0.8888888888888888
    ],
    "slice-34": [
      0.3,
      0.7777777777777778
    ],
    "slice-35": [
      0.6,
      0.4444444444444444
    ],
    "slice-36": [
      0.4,
      0.6666666666666666
    ],
    "slice-37": [
      0.5,
      0.3333333333333333
    ],
    "slice-38": [
      0.0,
      0.8888888888888888
    ],
    "slice-39": [
      0.3,
      1.0
    ],
    "slice-4": [
      0.6,
      0.3333333333333333
    ],
    "slice-40": [
      0.4,
      0.7777777777777778
    ],
    "slice-41": [
      0.6,
      0.7777777777777778
    ],
    "slice-42": [
      0.7,
      1.0
    ],
    "slice-43": [
      0.9,
      0.3333333333333333
    ],
    "slice-44": [
      0.7,
      0.8888888888888888
    ],
    "slice-45": [
      0.5,
      0.7777777777777778
    ],
    "slice-46": [
      0.6,
      1.0
    ],
    "slice-47": [
      0.8,
      0.5555555555555556
    ],
    "slice-48": [
      0.9,
      0.4444444444444444
    ],
    "slice-49": [
      0.5,
      0.4444444444444444
    ],
    "slice-5": [
      0.3,
      0.4444444444444444
    ],
    "slice-50": [
      0.6,
      0.5555555555555556
    ],
    "slice-51": [
      1.0,
      0.3333333333333333
    ],
    "slice-52": [
      0.8,
      0.4444444444444444
    ],
    "slice-53": [
      0.9,
      0.2222222222222222
    ],
    "slice-54": [
      0.1,
      0.4444444444444444
    ],
    "slice-55": [
      0.0,
      0.2222222222222222
    ],
    "slice-56": [
      0.0,
      0.4444444444444444
    ],
    "slice-57": [
      0.1,
      0.2222222222222222
    ],
    "slice-58": [
      0.3,
      0.2222222222222222
    ],
    "slice-59": [
      0.3,
      0.1111111111111111
    ],
    "slice-6": [
      0.5,
      0.5555555555555556
    ],
    "slice-60": [
      0.5,
      0.1111111111111111
    ],
    "slice-61": [
      0.2,
      0.2222222222222222
    ],
    "slice-62": [
      0.0,
      0.3333333333333333
    ],
    "slice-63": [
      1.0,
      0.0
    ],
    "slice-64": [
      0.1,
      0.7777777777777778
    ],
    "slice-65": [
      0.3,
      0.0
    ],
    "slice-66": [
      0.5,
      0.8888888888888888
    ],
    "slice-67": [
      0.4,
      0.5555555555555556
    ],
    "slice-68": [
      0.8,
      0.1111111111111111
    ],
    "slice-69": [
      0.4,
      0.8888888888888888
    ],
    "slice-7": [
      0.2,
      0.6666666666666666
    ],
    "slice-70": [
      0.9,
      0.0
    ],
    "slice-71": [
      0.1,
      0.5555555555555556
    ],
    "slice-72": [
      0.7,
      0.1111111111111111
    ],
    "slice-73": [
      0.2,
      0.7777777777777778
    ],
    "slice-74": [
      0.8,
      0.0
    ],
    "slice-75": [
      0.1,
      0.6666666666666666
    ],
    "slice-76": [
      0.4,
      0.0
    ],
    "slice-77": [
      1.0,
      0.1111111111111111
    ],
    "slice-78": [
      0.9,
      0.6666666666666666
    ],
    "slice-79": [
      1.0,
      0.6666666666666666
    ],
    "slice-8": [
      0.7,
      0.7777777777777778
    ],
    "slice-80": [
      0.7,
      0.3333333333333333
    ],
    "slice-81": [
      1.0,
      0.7777777777777778
    ],
    "slice-82": [
      1.0,
      0.5555555555555556
    ],
    "slice-83": [
      0.9,
      0.7777777777777778
    ],
    "slice-84": [
      0.9,
      0.5555555555555556
    ],
    "slice-85": [
      0.1,
      0.8888888888888888
    ],
    "slice-86": [
      0.7,
      0.0
    ],
    "slice-87": [
      0.8,
      0.3333333333333333
    ],
    "slice-88": [
      0.9,
      0.1111111111111111
    ],
    "slice-89": [
      0.2,
      0.1111111111111111
    ],
    "slice-9": [
      0.6,
      0.8888888888888888
    ],
    "slice-90": [
      0.5,
      0.0
    ],
    "slice-91": [
      0.2,
      0.0
    ],
    "slice-92": [
      0.6,
      0.1111111111111111
    ],
    "slice-93": [
      0.0,
      0.7777777777777778
    ],
    "slice-94": [
      0.4,
      0.3333333333333333
    ],
    "slice-95": [
      0.0,
      0.0
    ],
    "slice-96": [
      0.6,
      0.2222222222222222
    ],
    "slice-97": [
      0.4,
      0.2222222222222222
    ],
    "slice-98": [
      0.0,
      0.6666666666666666
    ],
    "slice-99": [
      0.1,
      0.1111111111111111
    ]
  }
}
