{
  "cols": 2,
  "data": {
    "slice-0": [
      0.2,
      0.35714285714285715
    ],
    "slice-1": [
      0.13333333333333333,
      0.42857142857142855
    ],
    "slice-10": [
      0.4,
      0.0
    ],
    "slice-100": [
      0.5333333333333333,
      0.5
    ],
    "slice-101": [
      0.9333333333333333,
      0.5714285714285714
    ],
    "slice-102": [
      0.4666666666666667,
      0.07142857142857142
    ],
    "slice-103": [
      0.9333333333333333,
      0.5
    ],
    "slice-104": [
      0.8666666666666667,
      0.42857142857142855
    ],
    "slice-105": [
      0.0,
      0.35714285714285715
    ],
    "slice-106": [
      0.5333333333333333,
      0.21428571428571427
    ],
    "slice-107": [
      0.0,
      0.5714285714285714
    ],
    "slice-108": [
      0.7333333333333333,
      0.7142857142857143
    ],
    "slice-109": [
      0.2,
      0.8571428571428571
    ],
    "slice-11": [
      0.2,
      0.6428571428571429
    ],
    "slice-110": [
      1.0,
      0.9285714285714286
    ],
    "slice-111": [
      0.3333333333333333,
      0.5714285714285714
    ],
    "slice-112": [
      0.4,
      0.21428571428571427
    ],
    "slice-113": [
      0.6666666666666666,
      0.9285714285714286
    ],
    "slice-114": [
      0.06666666666666667,
      1.0
    ],
    "slice-115": [
      0.8,
      0.6428571428571429
    ],
    "slice-116": [
      0.5333333333333333,
      0.7857142857142857
    ],
    "slice-117": [
      0.0,
      0.5
    ],
    "slice-118": [
      0.9333333333333333,
      0.8571428571428571
    ],
    "slice-119": [
      0.3333333333333333,
      0.9285714285714286
    ],
    "slice-12": [
      0.2,
      0.5714285714285714
    ],
    "slice-120": [
      0.0,
      0.14285714285714285
    ],
    "slice-121": [
      0.7333333333333333,
      0.8571428571428571
    ],
    "slice-122": [
      0.9333333333333333,
      0.7857142857142857
    ],
    "slice-123": [
      0.3333333333333333,
      0.7142857142857143
    ],
    "slice-124": [
      0.26666666666666666,
      0.8571428571428571
    ],
    "slice-125": [
      0.7333333333333333,
      0.7857142857142857
    ],
    "slice-126": [
      0.8666666666666667,
      0.7857142857142857
    ],
    "slice-127": [
      0.4666666666666667,
      0.7857142857142857
    ],
    "slice-128": [
      1.0,
      0.5714285714285714
    ],
    "slice-129": [
      1.0,
      0.5
    ],
    "slice-13": [
      0.5333333333333333,
      0.0
    ],
    "slice-130": [
      0.8666666666666667,
      0.5714285714285714
    ],
    "slice-131": [
      0.0,
      0.2857142857142857
    ],
    "slice-132": [
      0.4666666666666667,
      0.6428571428571429
    ],
    "slice-133": [
      0.8666666666666667,
      0.35714285714285715
    ],
    "slice-134": [
      1.0,
      0.14285714285714285
    ],
    "slice-135": [
      0.7333333333333333,
      0.35714285714285715
    ],
    "slice-136": [
      0.8666666666666667,
      0.07142857142857142
    ],
    "slice-137": [
      0.4666666666666667,
      0.7142857142857143
    ],
    "slice-138": [
      0.9333333333333333,
      0.2857142857142857
    ],
    "slice-139": [
      1.0,
      0.2857142857142857
    ],
    "slice-14": [
      0.4666666666666667,
      0.35714285714285715
    ],
    "slice-140": [
      0.8,
      0.14285714285714285
    ],
    "slice-141": [
      0.8,
      0.42857142857142855
    ],
    "slice-142": [
      0.8666666666666667,
      0.2857142857142857
    ],
    "slice-143": [
      0.8,
      0.5
    ],
    "slice-144": [
      0.8,
      0.07142857142857142
    ],
    "slice-145": [
      0.6666666666666666,
      0.21428571428571427
    ],
    "slice-146": [
      0.6,
      0.6428571428571429
    ],
    "slice-147": [
      0.8,
      0.2857142857142857
    ],
    "slice-148": [
      0.7333333333333333,
      0.0
    ],
    "slice-149": [
      0.5333333333333333,
      0.2857142857142857
    ],
    "slice-15": [
      0.7333333333333333,
      0.6428571428571429
    ],
    "slice-150": [
      0.8666666666666667,
      0.14285714285714285
    ],
    "slice-151": [
      1.0,
      0.21428571428571427
    ],
    "slice-152": [
      0.9333333333333333,
      0.21428571428571427
    ],
    "slice-153": [
      0.8,
      0.21428571428571427
    ],
    "slice-154": [
      0.6,
      0.5714285714285714
    ],
    "slice-155": [
      0.8,
      0.35714285714285715
    ],
    "slice-156": [
      1.0,
      0.42857142857142855
    ],
    "slice-157": [
      0.7333333333333333,
      0.14285714285714285
    ],
    "slice-158": [
      0.9333333333333333,
      0.07142857142857142
    ],
    "slice-159": [
      0.7333333333333333,
      0.07142857142857142
    ],
    "slice-16": [
      0.6,
      0.7857142857142857
    ],
    "slice-160": [
      0.9333333333333333,
      0.14285714285714285
    ],
    "slice-161": [
      0.8666666666666667,
      0.21428571428571427
    ],
    "slice-162": [
      0.8,
      0.0
    ],
    "slice-163": [
      1.0,
      0.0
    ],
    "slice-164": [
      0.7333333333333333,
      0.2857142857142857
    ],
    "slice-165": [
      1.0,
      0.07142857142857142
    ],
    "slice-166": [
      0.9333333333333333,
      0.9285714285714286
    ],
    "slice-167": [
      0.9333333333333333,
      0.6428571428571429
    ],
    "slice-168": [
      0.6,
      0.5
    ],
    "slice-169": [
      0.5333333333333333,
      0.6428571428571429
    ],
    "slice-17": [
      0.3333333333333333,
      0.8571428571428571
    ],
    "slice-170": [
      0.4666666666666667,
      0.5
    ],
    "slice-171": [
      0.8,
      0.5714285714285714
    ],
    "slice-172": [
      0.6666666666666666,
      0.35714285714285715
    ],
    "slice-173": [
      0.4666666666666667,
      0.42857142857142855
    ],
    "slice-174": [
      0.5333333333333333,
      0.5714285714285714
    ],
    "slice-175": [
      1.0,
      0.35714285714285715
    ],
    "slice-176": [
      0.2,
      0.7857142857142857
    ],
    "slice-177": [
      0.7333333333333333,
      0.21428571428571427
    ],
    "slice-178": [
      0.5333333333333333,
      0.35714285714285715
    ],
    "slice-179": [
      0.6666666666666666,
      0.2857142857142857
    ],
    "slice-18": [
      0.3333333333333333,
      0.35714285714285715
    ],
    "slice-180": [
      0.6,
      0.0
    ],
    "slice-181": [
      0.06666666666666667,
      0.7857142857142857
    ],
    "slice-182": [
      0.6,
      0.8571428571428571
    ],
    "slice-183": [
      0.5333333333333333,
      0.42857142857142855
    ],
    "slice-184": [
      0.6,
      0.2857142857142857
    ],
    "slice-185": [
      0.3333333333333333,
      0.14285714285714285
    ],
    "slice-186": [
      0.6,
      0.21428571428571427
    ],
    "slice-187": [
      0.06666666666666667,
      0.9285714285714286
    ],
    "slice-188": [
      0.13333333333333333,
      0.8571428571428571
    ],
    "slice-189": [
      0.4,
      0.2857142857142857
    ],
    "slice-19": [
      0.13333333333333333,
      0.6428571428571429
    ],
    "slice-190": [
      0.4,
      0.42857142857142855
    ],
    "slice-191": [
      0.0,
      0.8571428571428571
    ],
    "slice-192": [
      0.6666666666666666,
      0.14285714285714285
    ],
    "slice-193": [
      0.4,
      0.5
    ],
    "slice-194": [
      0.8666666666666667,
      0.9285714285714286
    ],
    "slice-195": [
      0.3333333333333333,
      0.7857142857142857
    ],
    "slice-196": [
      0.6666666666666666,
      0.42857142857142855
    ],
    "slice-197": [
      0.6,
      0.07142857142857142
    ],
    "slice-198": [
      0.7333333333333333,
      0.42857142857142855
    ],
    "slice-199": [
      0.9333333333333333,
      0.0
    ],
    "slice-2": [
      0.06666666666666667,
      0.42857142857142855
    ],
    "slice-20": [
      0.0,
      0.0
    ],
    "slice-200": [
      1.0,
      0.8571428571428571
    ],